Date,Gold_Price
2007-07-03,654.3
2007-07-04,654.2
2007-07-05,651.0
2007-07-06,648.8
2007-07-09,661.3
2007-07-10,661.7
2007-07-11,663.0
2007-07-12,667.3
2007-07-13,666.5
2007-07-16,666.0
2007-07-17,666.5
2007-07-18,666.8
2007-07-19,674.5
2007-07-20,681.6
2007-07-23,682.0
2007-07-24,684.3
2007-07-25,674.8
2007-07-26,670.0
2007-07-27,660.5
2007-07-30,661.5
2007-07-31,665.5
2007-08-01,665.8
2007-08-02,666.3
2007-08-03,670.5
2007-08-06,671.5
2007-08-07,668.0
2007-08-08,675.5
2007-08-09,662.6
2007-08-10,668.5
2007-08-13,668.8
2007-08-14,668.4
2007-08-15,667.3
2007-08-16,662.3
2007-08-17,657.5
2007-08-20,659.5
2007-08-21,657.5
2007-08-22,659.5
2007-08-23,660.8
2007-08-24,660.9
2007-08-27,660.9
2007-08-28,666.0
2007-08-29,664.3
2007-08-30,666.0
2007-08-31,672.0
2007-09-03,672.0
2007-09-04,678.8
2007-09-05,680.3
2007-09-06,688.2
2007-09-07,701.0
2007-09-10,703.5
2007-09-11,704.2
2007-09-12,706.0
2007-09-13,704.5
2007-09-14,716.4
2007-09-17,719.0
2007-09-18,714.8
2007-09-19,725.2
2007-09-20,734.5
2007-09-21,737.0
2007-09-24,730.0
2007-09-25,728.5
2007-09-26,734.8
2007-09-27,731.8
2007-09-28,743.0
2007-10-01,742.5
2007-10-02,731.0
2007-10-03,730.3
2007-10-04,725.5
2007-10-05,737.0
2007-10-08,733.8
2007-10-09,736.0
2007-10-10,741.3
2007-10-11,749.0
2007-10-12,749.5
2007-10-15,758.9
2007-10-16,756.8
2007-10-17,762.5
2007-10-18,764.2
2007-10-19,763.0
2007-10-22,751.3
2007-10-23,758.3
2007-10-24,757.5
2007-10-25,767.5
2007-10-26,779.2
2007-10-29,788.5
2007-10-30,783.3
2007-10-31,789.5
2007-11-01,790.3
2007-11-02,796.5
2007-11-05,804.8
2007-11-06,822.5
2007-11-07,834.5
2007-11-08,841.1
2007-11-09,831.5
2007-11-12,803.5
2007-11-13,804.3
2007-11-14,813.5
2007-11-15,794.0
2007-11-16,789.8
2007-11-19,778.9
2007-11-20,795.5
2007-11-21,798.0
2007-11-22,803.3
2007-11-23,815.3
2007-11-26,830.0
2007-11-27,810.8
2007-11-28,801.8
2007-11-29,794.5
2007-11-30,783.5
2007-12-03,784.3
2007-12-04,797.5
2007-12-05,793.0
2007-12-06,801.5
2007-12-07,792.5
2007-12-10,809.5
2007-12-11,808.8
2007-12-12,814.0
2007-12-13,800.7
2007-12-14,789.5
2007-12-17,790.8
2007-12-18,804.3
2007-12-19,799.8
2007-12-20,795.3
2007-12-21,810.5
2007-12-24,810.5
2007-12-25,810.5
2007-12-26,810.5
2007-12-27,829.0
2007-12-28,833.8
2007-12-31,833.8
2008-01-01,833.8
2008-01-02,846.8
2008-01-03,858.9
2008-01-04,855.0
2008-01-07,859.3
2008-01-08,873.5
2008-01-09,877.0
2008-01-10,884.3
2008-01-11,891.0
2008-01-14,902.0
2008-01-15,913.0
2008-01-16,889.8
2008-01-17,888.3
2008-01-18,882.0
2008-01-21,871.3
2008-01-22,875.0
2008-01-23,888.3
2008-01-24,909.3
2008-01-25,918.3
2008-01-28,921.8
2008-01-29,924.5
2008-01-30,919.0
2008-01-31,923.3
2008-02-01,914.8
2008-02-04,893.8
2008-02-05,887.5
2008-02-06,903.0
2008-02-07,899.8
2008-02-08,916.3
2008-02-11,918.0
2008-02-12,917.0
2008-02-13,899.0
2008-02-14,906.0
2008-02-15,912.5
2008-02-18,903.3
2008-02-19,924.0
2008-02-20,920.0
2008-02-21,945.0
2008-02-22,943.0
2008-02-25,937.8
2008-02-26,937.0
2008-02-27,959.5
2008-02-28,959.8
2008-02-29,971.5
2008-03-03,988.5
2008-03-04,984.8
2008-03-05,974.5
2008-03-06,976.5
2008-03-07,972.5
2008-03-10,969.3
2008-03-11,970.0
2008-03-12,975.5
2008-03-13,995.0
2008-03-14,"1,003.5"
2008-03-17,"1,011.3"
2008-03-18,"1,006.8"
2008-03-19,958.5
2008-03-20,925.8
2008-03-21,925.8
2008-03-24,925.8
2008-03-25,926.8
2008-03-26,946.8
2008-03-27,946.8
2008-03-28,934.3
2008-03-31,933.5
2008-04-01,887.8
2008-04-02,890.0
2008-04-03,896.5
2008-04-04,905.5
2008-04-07,926.5
2008-04-08,915.0
2008-04-09,917.0
2008-04-10,928.0
2008-04-11,927.8
2008-04-14,926.5
2008-04-15,929.8
2008-04-16,945.0
2008-04-17,946.0
2008-04-18,908.8
2008-04-21,918.5
2008-04-22,918.0
2008-04-23,898.5
2008-04-24,895.5
2008-04-25,891.5
2008-04-28,890.5
2008-04-29,880.0
2008-04-30,871.0
2008-05-01,853.0
2008-05-02,853.5
2008-05-05,853.5
2008-05-06,880.0
2008-05-07,868.3
2008-05-08,877.0
2008-05-09,876.0
2008-05-12,883.5
2008-05-13,865.0
2008-05-14,866.5
2008-05-15,881.3
2008-05-16,897.0
2008-05-19,906.5
2008-05-20,914.5
2008-05-21,923.0
2008-05-22,922.8
2008-05-23,927.5
2008-05-26,927.5
2008-05-27,906.8
2008-05-28,902.5
2008-05-29,883.0
2008-05-30,885.8
2008-06-02,888.3
2008-06-03,879.3
2008-06-04,883.5
2008-06-05,878.8
2008-06-06,890.5
2008-06-09,896.3
2008-06-10,878.0
2008-06-11,876.3
2008-06-12,862.3
2008-06-13,866.0
2008-06-16,888.3
2008-06-17,881.5
2008-06-18,887.5
2008-06-19,903.0
2008-06-20,907.5
2008-06-23,881.0
2008-06-24,889.5
2008-06-25,882.8
2008-06-26,909.5
2008-06-27,919.5
2008-06-30,930.3
2008-07-01,937.5
2008-07-02,935.3
2008-07-03,934.0
2008-07-04,931.3
2008-07-07,916.8
2008-07-08,921.0
2008-07-09,927.3
2008-07-10,939.5
2008-07-11,962.8
2008-07-14,968.0
2008-07-15,986.0
2008-07-16,977.5
2008-07-17,965.5
2008-07-18,959.8
2008-07-21,960.5
2008-07-22,961.5
2008-07-23,926.5
2008-07-24,928.0
2008-07-25,920.5
2008-07-28,923.5
2008-07-29,916.8
2008-07-30,897.5
2008-07-31,918.0
2008-08-01,912.5
2008-08-04,905.8
2008-08-05,882.0
2008-08-06,879.5
2008-08-07,871.5
2008-08-08,852.5
2008-08-11,852.5
2008-08-12,817.8
2008-08-13,818.5
2008-08-14,818.0
2008-08-15,786.5
2008-08-18,796.3
2008-08-19,788.8
2008-08-20,815.8
2008-08-21,833.5
2008-08-22,824.0
2008-08-25,824.0
2008-08-26,827.0
2008-08-27,827.0
2008-08-28,838.3
2008-08-29,833.0
2008-09-01,822.3
2008-09-02,798.5
2008-09-03,803.5
2008-09-04,805.8
2008-09-05,808.5
2008-09-08,808.0
2008-09-09,781.8
2008-09-10,775.8
2008-09-11,740.8
2008-09-12,750.3
2008-09-15,775.0
2008-09-16,779.5
2008-09-17,813.0
2008-09-18,863.0
2008-09-19,869.0
2008-09-22,889.0
2008-09-23,899.0
2008-09-24,896.0
2008-09-25,888.5
2008-09-26,902.0
2008-09-29,905.0
2008-09-30,884.5
2008-10-01,880.0
2008-10-02,852.0
2008-10-03,828.0
2008-10-06,875.5
2008-10-07,876.8
2008-10-08,903.5
2008-10-09,883.5
2008-10-10,900.5
2008-10-13,831.5
2008-10-14,832.5
2008-10-15,847.0
2008-10-16,802.5
2008-10-17,784.5
2008-10-20,795.0
2008-10-21,772.0
2008-10-22,744.0
2008-10-23,720.0
2008-10-24,712.5
2008-10-27,730.5
2008-10-28,730.5
2008-10-29,764.0
2008-10-30,755.3
2008-10-31,730.8
2008-11-03,729.5
2008-11-04,741.3
2008-11-05,753.8
2008-11-06,754.5
2008-11-07,735.3
2008-11-10,753.0
2008-11-11,733.8
2008-11-12,724.8
2008-11-13,713.5
2008-11-14,747.5
2008-11-17,734.0
2008-11-18,738.0
2008-11-19,762.0
2008-11-20,738.0
2008-11-21,774.5
2008-11-24,822.5
2008-11-25,820.5
2008-11-26,812.5
2008-11-27,814.0
2008-11-28,814.5
2008-12-01,778.0
2008-12-02,780.0
2008-12-03,766.3
2008-12-04,773.3
2008-12-05,749.0
2008-12-08,767.3
2008-12-09,767.8
2008-12-10,802.3
2008-12-11,827.8
2008-12-12,826.5
2008-12-15,826.0
2008-12-16,838.3
2008-12-17,870.0
2008-12-18,855.3
2008-12-19,835.8
2008-12-22,849.0
2008-12-23,843.5
2008-12-24,843.5
2008-12-25,843.5
2008-12-26,843.5
2008-12-29,880.3
2008-12-30,869.8
2008-12-31,869.8
2009-01-01,869.8
2009-01-02,874.5
2009-01-05,853.5
2009-01-06,848.3
2009-01-07,848.5
2009-01-08,855.8
2009-01-09,847.3
2009-01-12,827.0
2009-01-13,826.5
2009-01-14,821.5
2009-01-15,810.0
2009-01-16,833.8
2009-01-19,833.0
2009-01-20,853.3
2009-01-21,849.3
2009-01-22,860.0
2009-01-23,875.8
2009-01-26,910.3
2009-01-27,897.5
2009-01-28,895.3
2009-01-29,892.3
2009-01-30,919.5
2009-02-02,918.3
2009-02-03,904.5
2009-02-04,905.0
2009-02-05,920.0
2009-02-06,913.0
2009-02-09,895.0
2009-02-10,909.8
2009-02-11,938.0
2009-02-12,943.3
2009-02-13,935.5
2009-02-16,942.5
2009-02-17,968.0
2009-02-18,964.0
2009-02-19,980.5
2009-02-20,989.0
2009-02-23,985.8
2009-02-24,984.3
2009-02-25,978.5
2009-02-26,936.5
2009-02-27,952.0
2009-03-02,937.3
2009-03-03,913.8
2009-03-04,908.5
2009-03-05,913.0
2009-03-06,936.0
2009-03-09,923.8
2009-03-10,901.5
2009-03-11,899.5
2009-03-12,925.3
2009-03-13,928.0
2009-03-16,919.5
2009-03-17,915.5
2009-03-18,893.3
2009-03-19,956.5
2009-03-20,954.0
2009-03-23,949.3
2009-03-24,923.8
2009-03-25,929.0
2009-03-26,938.3
2009-03-27,924.0
2009-03-30,928.0
2009-03-31,916.5
2009-04-01,924.5
2009-04-02,897.8
2009-04-03,905.0
2009-04-06,870.3
2009-04-07,879.8
2009-04-08,880.0
2009-04-09,880.5
2009-04-10,880.5
2009-04-13,880.5
2009-04-14,887.5
2009-04-15,891.0
2009-04-16,880.5
2009-04-17,870.5
2009-04-20,877.0
2009-04-21,888.8
2009-04-22,886.0
2009-04-23,897.5
2009-04-24,907.5
2009-04-27,907.5
2009-04-28,891.0
2009-04-29,898.3
2009-04-30,883.3
2009-05-01,884.5
2009-05-04,884.5
2009-05-05,910.0
2009-05-06,910.0
2009-05-07,912.3
2009-05-08,907.0
2009-05-11,913.0
2009-05-12,917.0
2009-05-13,924.0
2009-05-14,925.3
2009-05-15,929.5
2009-05-18,921.0
2009-05-19,924.8
2009-05-20,939.5
2009-05-21,937.5
2009-05-22,959.8
2009-05-25,959.8
2009-05-26,945.0
2009-05-27,951.0
2009-05-28,957.8
2009-05-29,975.5
2009-06-01,981.8
2009-06-02,980.0
2009-06-03,976.8
2009-06-04,970.8
2009-06-05,962.0
2009-06-08,943.8
2009-06-09,956.0
2009-06-10,953.8
2009-06-11,947.5
2009-06-12,937.3
2009-06-15,932.3
2009-06-16,934.0
2009-06-17,930.5
2009-06-18,940.5
2009-06-19,935.3
2009-06-22,919.3
2009-06-23,920.8
2009-06-24,933.5
2009-06-25,937.3
2009-06-26,942.0
2009-06-29,935.5
2009-06-30,934.5
2009-07-01,938.3
2009-07-02,929.5
2009-07-03,932.5
2009-07-06,924.5
2009-07-07,924.0
2009-07-08,918.0
2009-07-09,911.8
2009-07-10,913.0
2009-07-13,908.5
2009-07-14,924.8
2009-07-15,938.0
2009-07-16,935.0
2009-07-17,937.5
2009-07-20,952.8
2009-07-21,947.8
2009-07-22,948.3
2009-07-23,950.0
2009-07-24,951.5
2009-07-27,955.0
2009-07-28,944.3
2009-07-29,931.0
2009-07-30,932.5
2009-07-31,939.0
2009-08-03,959.8
2009-08-04,960.5
2009-08-05,960.5
2009-08-06,964.0
2009-08-07,956.0
2009-08-10,945.0
2009-08-11,942.8
2009-08-12,947.3
2009-08-13,953.5
2009-08-14,953.5
2009-08-17,932.8
2009-08-18,935.0
2009-08-19,943.0
2009-08-20,940.5
2009-08-21,952.5
2009-08-24,951.5
2009-08-25,950.5
2009-08-26,940.5
2009-08-27,943.0
2009-08-28,955.5
2009-08-31,955.5
2009-09-01,955.0
2009-09-02,964.8
2009-09-03,983.0
2009-09-04,989.0
2009-09-07,993.0
2009-09-08,"1,000.8"
2009-09-09,999.5
2009-09-10,990.8
2009-09-11,"1,008.3"
2009-09-14,999.3
2009-09-15,996.0
2009-09-16,"1,015.8"
2009-09-17,"1,018.5"
2009-09-18,"1,012.0"
2009-09-21,997.0
2009-09-22,"1,014.0"
2009-09-23,"1,010.3"
2009-09-24,"1,009.8"
2009-09-25,991.5
2009-09-28,991.8
2009-09-29,989.5
2009-09-30,995.8
2009-10-01,"1,004.8"
2009-10-02,"1,003.5"
2009-10-05,"1,005.5"
2009-10-06,"1,038.8"
2009-10-07,"1,040.3"
2009-10-08,"1,045.0"
2009-10-09,"1,051.5"
2009-10-12,"1,058.8"
2009-10-13,"1,057.5"
2009-10-14,"1,059.5"
2009-10-15,"1,053.5"
2009-10-16,"1,047.5"
2009-10-19,"1,050.5"
2009-10-20,"1,061.8"
2009-10-21,"1,053.8"
2009-10-22,"1,053.0"
2009-10-23,"1,061.8"
2009-10-26,"1,054.0"
2009-10-27,"1,036.5"
2009-10-28,"1,031.8"
2009-10-29,"1,040.5"
2009-10-30,"1,040.0"
2009-11-02,"1,062.0"
2009-11-03,"1,061.0"
2009-11-04,"1,090.0"
2009-11-05,"1,089.0"
2009-11-06,"1,096.8"
2009-11-09,"1,106.8"
2009-11-10,"1,101.5"
2009-11-11,"1,115.3"
2009-11-12,"1,114.8"
2009-11-13,"1,104.0"
2009-11-16,"1,130.0"
2009-11-17,"1,134.8"
2009-11-18,"1,149.0"
2009-11-19,"1,135.5"
2009-11-20,"1,140.0"
2009-11-23,"1,169.5"
2009-11-24,"1,163.3"
2009-11-25,"1,179.8"
2009-11-26,"1,182.8"
2009-11-27,"1,166.5"
2009-11-30,"1,175.8"
2009-12-01,"1,192.5"
2009-12-02,"1,212.5"
2009-12-03,"1,208.8"
2009-12-04,"1,190.3"
2009-12-07,"1,142.5"
2009-12-08,"1,146.8"
2009-12-09,"1,141.0"
2009-12-10,"1,128.5"
2009-12-11,"1,124.0"
2009-12-14,"1,123.8"
2009-12-15,"1,122.0"
2009-12-16,"1,137.5"
2009-12-17,"1,117.0"
2009-12-18,"1,104.5"
2009-12-21,"1,105.5"
2009-12-22,"1,084.0"
2009-12-23,"1,085.3"
2009-12-24,"1,085.3"
2009-12-25,"1,085.3"
2009-12-28,"1,085.3"
2009-12-29,"1,106.0"
2009-12-30,"1,087.5"
2009-12-31,"1,087.5"
2010-01-01,"1,087.5"
2010-01-04,"1,121.5"
2010-01-05,"1,123.3"
2010-01-06,"1,130.0"
2010-01-07,"1,130.3"
2010-01-08,"1,126.8"
2010-01-11,"1,153.0"
2010-01-12,"1,151.3"
2010-01-13,"1,127.3"
2010-01-14,"1,138.3"
2010-01-15,"1,128.0"
2010-01-18,"1,134.5"
2010-01-19,"1,133.0"
2010-01-20,"1,120.3"
2010-01-21,"1,108.3"
2010-01-22,"1,084.0"
2010-01-25,"1,095.3"
2010-01-26,"1,093.3"
2010-01-27,"1,094.8"
2010-01-28,"1,088.0"
2010-01-29,"1,078.5"
2010-02-01,"1,086.5"
2010-02-02,"1,111.0"
2010-02-03,"1,115.3"
2010-02-04,"1,083.3"
2010-02-05,"1,058.0"
2010-02-08,"1,064.0"
2010-02-09,"1,071.3"
2010-02-10,"1,069.5"
2010-02-11,"1,076.3"
2010-02-12,"1,082.0"
2010-02-15,"1,098.3"
2010-02-16,"1,115.3"
2010-02-17,"1,119.0"
2010-02-18,"1,118.0"
2010-02-19,"1,112.8"
2010-02-22,"1,115.3"
2010-02-23,"1,107.0"
2010-02-24,"1,103.0"
2010-02-25,"1,094.5"
2010-02-26,"1,108.3"
2010-03-01,"1,114.0"
2010-03-02,"1,126.5"
2010-03-03,"1,136.5"
2010-03-04,"1,134.5"
2010-03-05,"1,135.0"
2010-03-08,"1,125.8"
2010-03-09,"1,115.8"
2010-03-10,"1,120.5"
2010-03-11,"1,104.0"
2010-03-12,"1,106.3"
2010-03-15,"1,104.3"
2010-03-16,"1,124.8"
2010-03-17,"1,121.8"
2010-03-18,"1,122.8"
2010-03-19,"1,105.5"
2010-03-22,"1,097.3"
2010-03-23,"1,101.5"
2010-03-24,"1,090.8"
2010-03-25,"1,093.0"
2010-03-26,"1,096.5"
2010-03-29,"1,107.5"
2010-03-30,"1,107.0"
2010-03-31,"1,115.5"
2010-04-01,"1,123.5"
2010-04-02,"1,123.5"
2010-04-05,"1,123.5"
2010-04-06,"1,132.8"
2010-04-07,"1,142.0"
2010-04-08,"1,148.0"
2010-04-09,"1,152.5"
2010-04-12,"1,158.8"
2010-04-13,"1,148.3"
2010-04-14,"1,153.8"
2010-04-15,"1,154.5"
2010-04-16,"1,151.5"
2010-04-19,"1,136.3"
2010-04-20,"1,144.8"
2010-04-21,"1,143.0"
2010-04-22,"1,133.8"
2010-04-23,"1,139.5"
2010-04-26,"1,154.5"
2010-04-27,"1,149.5"
2010-04-28,"1,161.0"
2010-04-29,"1,166.8"
2010-04-30,"1,179.3"
2010-05-03,"1,179.3"
2010-05-04,"1,185.0"
2010-05-05,"1,165.0"
2010-05-06,"1,185.3"
2010-05-07,"1,202.3"
2010-05-10,"1,196.5"
2010-05-11,"1,222.5"
2010-05-12,"1,237.5"
2010-05-13,"1,237.5"
2010-05-14,"1,236.5"
2010-05-17,"1,236.0"
2010-05-18,"1,216.8"
2010-05-19,"1,195.0"
2010-05-20,"1,192.0"
2010-05-21,"1,179.8"
2010-05-24,"1,187.0"
2010-05-25,"1,198.3"
2010-05-26,"1,212.0"
2010-05-27,"1,211.0"
2010-05-28,"1,207.5"
2010-05-31,"1,207.5"
2010-06-01,"1,227.8"
2010-06-02,"1,215.0"
2010-06-03,"1,215.0"
2010-06-04,"1,203.5"
2010-06-07,"1,215.0"
2010-06-08,"1,246.0"
2010-06-09,"1,233.5"
2010-06-10,"1,217.5"
2010-06-11,"1,220.0"
2010-06-14,"1,223.8"
2010-06-15,"1,225.0"
2010-06-16,"1,234.5"
2010-06-17,"1,245.0"
2010-06-18,"1,256.0"
2010-06-21,"1,254.5"
2010-06-22,"1,236.0"
2010-06-23,"1,226.5"
2010-06-24,"1,236.3"
2010-06-25,"1,254.0"
2010-06-28,"1,261.0"
2010-06-29,"1,234.5"
2010-06-30,"1,244.0"
2010-07-01,"1,234.0"
2010-07-02,"1,201.5"
2010-07-05,"1,208.0"
2010-07-06,"1,195.0"
2010-07-07,"1,193.3"
2010-07-08,"1,193.5"
2010-07-09,"1,208.8"
2010-07-12,"1,205.5"
2010-07-13,"1,216.0"
2010-07-14,"1,207.0"
2010-07-15,"1,208.0"
2010-07-16,"1,189.3"
2010-07-19,"1,181.0"
2010-07-20,"1,183.0"
2010-07-21,"1,191.5"
2010-07-22,"1,199.5"
2010-07-23,"1,190.5"
2010-07-26,"1,183.5"
2010-07-27,"1,168.0"
2010-07-28,"1,157.0"
2010-07-29,"1,162.5"
2010-07-30,"1,169.0"
2010-08-02,"1,188.5"
2010-08-03,"1,187.5"
2010-08-04,"1,199.5"
2010-08-05,"1,192.5"
2010-08-06,"1,207.8"
2010-08-09,"1,203.0"
2010-08-10,"1,192.5"
2010-08-11,"1,205.5"
2010-08-12,"1,213.0"
2010-08-13,"1,214.3"
2010-08-16,"1,223.5"
2010-08-17,"1,226.0"
2010-08-18,"1,218.0"
2010-08-19,"1,233.5"
2010-08-20,"1,223.5"
2010-08-23,"1,226.0"
2010-08-24,"1,222.0"
2010-08-25,"1,237.5"
2010-08-26,"1,237.0"
2010-08-27,"1,235.0"
2010-08-30,"1,235.0"
2010-08-31,"1,246.0"
2010-09-01,"1,246.5"
2010-09-02,"1,248.5"
2010-09-03,"1,240.5"
2010-09-06,"1,249.0"
2010-09-07,"1,256.8"
2010-09-08,"1,255.0"
2010-09-09,"1,255.0"
2010-09-10,"1,246.5"
2010-09-13,"1,243.8"
2010-09-14,"1,265.5"
2010-09-15,"1,267.0"
2010-09-16,"1,272.5"
2010-09-17,"1,274.0"
2010-09-20,"1,279.3"
2010-09-21,"1,275.0"
2010-09-22,"1,293.5"
2010-09-23,"1,290.8"
2010-09-24,"1,297.0"
2010-09-27,"1,297.0"
2010-09-28,"1,294.0"
2010-09-29,"1,307.5"
2010-09-30,"1,307.0"
2010-10-01,"1,316.3"
2010-10-04,"1,313.5"
2010-10-05,"1,330.5"
2010-10-06,"1,346.5"
2010-10-07,"1,345.0"
2010-10-08,"1,341.5"
2010-10-11,"1,351.5"
2010-10-12,"1,348.5"
2010-10-13,"1,365.5"
2010-10-14,"1,373.3"
2010-10-15,"1,367.5"
2010-10-18,"1,367.3"
2010-10-19,"1,339.0"
2010-10-20,"1,339.0"
2010-10-21,"1,343.5"
2010-10-22,"1,322.5"
2010-10-25,"1,337.5"
2010-10-26,"1,329.5"
2010-10-27,"1,324.5"
2010-10-28,"1,333.5"
2010-10-29,"1,346.8"
2010-11-01,"1,354.5"
2010-11-02,"1,351.0"
2010-11-03,"1,345.5"
2010-11-04,"1,381.0"
2010-11-05,"1,395.5"
2010-11-08,"1,388.5"
2010-11-09,"1,421.0"
2010-11-10,"1,390.5"
2010-11-11,"1,398.5"
2010-11-12,"1,388.5"
2010-11-15,"1,368.5"
2010-11-16,"1,349.0"
2010-11-17,"1,337.5"
2010-11-18,"1,350.3"
2010-11-19,"1,342.5"
2010-11-22,"1,356.5"
2010-11-23,"1,377.5"
2010-11-24,"1,372.5"
2010-11-25,"1,373.3"
2010-11-26,"1,355.0"
2010-11-29,"1,357.0"
2010-11-30,"1,383.5"
2010-12-01,"1,385.5"
2010-12-02,"1,389.0"
2010-12-03,"1,403.5"
2010-12-06,"1,415.3"
2010-12-07,"1,420.0"
2010-12-08,"1,385.5"
2010-12-09,"1,391.3"
2010-12-10,"1,375.3"
2010-12-13,"1,399.0"
2010-12-14,"1,394.5"
2010-12-15,"1,388.8"
2010-12-16,"1,363.0"
2010-12-17,"1,368.5"
2010-12-20,"1,380.0"
2010-12-21,"1,383.0"
2010-12-22,"1,387.0"
2010-12-23,"1,373.5"
2010-12-24,"1,373.5"
2010-12-27,"1,373.5"
2010-12-28,"1,373.5"
2010-12-29,"1,412.5"
2010-12-30,"1,405.5"
2010-12-31,"1,405.5"
2011-01-03,"1,405.5"
2011-01-04,"1,388.5"
2011-01-05,"1,368.0"
2011-01-06,"1,368.5"
2011-01-07,"1,367.0"
2011-01-10,"1,368.3"
2011-01-11,"1,374.0"
2011-01-12,"1,378.8"
2011-01-13,"1,381.5"
2011-01-14,"1,367.0"
2011-01-17,"1,360.5"
2011-01-18,"1,369.5"
2011-01-19,"1,372.0"
2011-01-20,"1,345.5"
2011-01-21,"1,343.5"
2011-01-24,"1,343.0"
2011-01-25,"1,324.0"
2011-01-26,"1,328.0"
2011-01-27,"1,334.5"
2011-01-28,"1,319.0"
2011-01-31,"1,327.0"
2011-02-01,"1,331.5"
2011-02-02,"1,337.0"
2011-02-03,"1,328.0"
2011-02-04,"1,355.0"
2011-02-07,"1,347.5"
2011-02-08,"1,363.5"
2011-02-09,"1,365.0"
2011-02-10,"1,353.3"
2011-02-11,"1,364.0"
2011-02-14,"1,365.0"
2011-02-15,"1,372.8"
2011-02-16,"1,371.3"
2011-02-17,"1,379.0"
2011-02-18,"1,383.5"
2011-02-21,"1,403.0"
2011-02-22,"1,401.0"
2011-02-23,"1,409.3"
2011-02-24,"1,411.5"
2011-02-25,"1,402.5"
2011-02-28,"1,411.0"
2011-03-01,"1,420.8"
2011-03-02,"1,435.5"
2011-03-03,"1,421.5"
2011-03-04,"1,427.0"
2011-03-07,"1,437.5"
2011-03-08,"1,426.3"
2011-03-09,"1,431.0"
2011-03-10,"1,413.3"
2011-03-11,"1,411.5"
2011-03-14,"1,422.3"
2011-03-15,"1,400.5"
2011-03-16,"1,402.0"
2011-03-17,"1,403.8"
2011-03-18,"1,420.0"
2011-03-21,"1,432.0"
2011-03-22,"1,426.0"
2011-03-23,"1,439.5"
2011-03-24,"1,447.0"
2011-03-25,"1,436.0"
2011-03-28,"1,417.0"
2011-03-29,"1,417.5"
2011-03-30,"1,425.5"
2011-03-31,"1,439.0"
2011-04-01,"1,418.0"
2011-04-04,"1,435.5"
2011-04-05,"1,433.5"
2011-04-06,"1,461.5"
2011-04-07,"1,459.5"
2011-04-08,"1,469.5"
2011-04-11,"1,468.0"
2011-04-12,"1,450.5"
2011-04-13,"1,457.5"
2011-04-14,"1,465.8"
2011-04-15,"1,476.8"
2011-04-18,"1,493.0"
2011-04-19,"1,490.5"
2011-04-20,"1,501.0"
2011-04-21,"1,504.0"
2011-04-22,"1,504.0"
2011-04-25,"1,504.0"
2011-04-26,"1,497.5"
2011-04-27,"1,511.0"
2011-04-28,"1,535.5"
2011-04-29,"1,535.5"
2011-05-02,"1,535.5"
2011-05-03,"1,540.3"
2011-05-04,"1,541.0"
2011-05-05,"1,511.0"
2011-05-06,"1,486.5"
2011-05-09,"1,502.0"
2011-05-10,"1,513.5"
2011-05-11,"1,508.0"
2011-05-12,"1,489.5"
2011-05-13,"1,505.8"
2011-05-16,"1,500.8"
2011-05-17,"1,478.5"
2011-05-18,"1,496.5"
2011-05-19,"1,493.0"
2011-05-20,"1,490.8"
2011-05-23,"1,510.5"
2011-05-24,"1,527.0"
2011-05-25,"1,526.3"
2011-05-26,"1,518.5"
2011-05-27,"1,533.0"
2011-05-30,"1,533.0"
2011-05-31,"1,536.5"
2011-06-01,"1,533.8"
2011-06-02,"1,539.5"
2011-06-03,"1,540.0"
2011-06-06,"1,549.0"
2011-06-07,"1,545.0"
2011-06-08,"1,537.8"
2011-06-09,"1,537.8"
2011-06-10,"1,529.3"
2011-06-13,"1,526.3"
2011-06-14,"1,516.0"
2011-06-15,"1,529.8"
2011-06-16,"1,523.3"
2011-06-17,"1,537.5"
2011-06-20,"1,544.0"
2011-06-21,"1,544.8"
2011-06-22,"1,552.5"
2011-06-23,"1,523.0"
2011-06-24,"1,514.8"
2011-06-27,"1,498.0"
2011-06-28,"1,499.0"
2011-06-29,"1,504.3"
2011-06-30,"1,505.5"
2011-07-01,"1,483.0"
2011-07-04,"1,495.0"
2011-07-05,"1,510.0"
2011-07-06,"1,527.3"
2011-07-07,"1,527.5"
2011-07-08,"1,541.5"
2011-07-11,"1,555.5"
2011-07-12,"1,550.5"
2011-07-13,"1,579.0"
2011-07-14,"1,590.5"
2011-07-15,"1,587.0"
2011-07-18,"1,599.0"
2011-07-19,"1,601.0"
2011-07-20,"1,586.0"
2011-07-21,"1,601.0"
2011-07-22,"1,602.0"
2011-07-25,"1,613.5"
2011-07-26,"1,612.8"
2011-07-27,"1,625.0"
2011-07-28,"1,613.5"
2011-07-29,"1,628.5"
2011-08-01,"1,623.0"
2011-08-02,"1,637.8"
2011-08-03,"1,669.3"
2011-08-04,"1,679.5"
2011-08-05,"1,658.8"
2011-08-08,"1,693.0"
2011-08-09,"1,736.0"
2011-08-10,"1,772.0"
2011-08-11,"1,760.0"
2011-08-12,"1,736.0"
2011-08-15,"1,739.0"
2011-08-16,"1,782.5"
2011-08-17,"1,790.0"
2011-08-18,"1,824.0"
2011-08-19,"1,848.0"
2011-08-22,"1,877.5"
2011-08-23,"1,876.0"
2011-08-24,"1,770.0"
2011-08-25,"1,729.0"
2011-08-26,"1,788.0"
2011-08-29,"1,788.0"
2011-08-30,"1,825.0"
2011-08-31,"1,813.5"
2011-09-01,"1,821.0"
2011-09-02,"1,875.3"
2011-09-05,"1,895.0"
2011-09-06,"1,895.0"
2011-09-07,"1,810.0"
2011-09-08,"1,855.0"
2011-09-09,"1,851.0"
2011-09-12,"1,834.0"
2011-09-13,"1,820.0"
2011-09-14,"1,818.5"
2011-09-15,"1,782.0"
2011-09-16,"1,794.0"
2011-09-19,"1,794.0"
2011-09-20,"1,799.0"
2011-09-21,"1,793.0"
2011-09-22,"1,722.0"
2011-09-23,"1,689.0"
2011-09-26,"1,598.0"
2011-09-27,"1,659.0"
2011-09-28,"1,643.0"
2011-09-29,"1,613.0"
2011-09-30,"1,620.0"
2011-10-03,"1,655.5"
2011-10-04,"1,638.0"
2011-10-05,"1,617.0"
2011-10-06,"1,635.0"
2011-10-07,"1,652.0"
2011-10-10,"1,661.0"
2011-10-11,"1,663.0"
2011-10-12,"1,682.0"
2011-10-13,"1,656.0"
2011-10-14,"1,678.0"
2011-10-17,"1,682.0"
2011-10-18,"1,631.0"
2011-10-19,"1,652.5"
2011-10-20,"1,620.0"
2011-10-21,"1,642.5"
2011-10-24,"1,652.0"
2011-10-25,"1,656.0"
2011-10-26,"1,715.0"
2011-10-27,"1,718.0"
2011-10-28,"1,741.0"
2011-10-31,"1,722.0"
2011-11-01,"1,699.0"
2011-11-02,"1,743.0"
2011-11-03,"1,758.0"
2011-11-04,"1,749.0"
2011-11-07,"1,782.0"
2011-11-08,"1,795.0"
2011-11-09,"1,784.0"
2011-11-10,"1,756.0"
2011-11-11,"1,773.0"
2011-11-14,"1,776.0"
2011-11-15,"1,785.0"
2011-11-16,"1,756.0"
2011-11-17,"1,742.5"
2011-11-18,"1,719.0"
2011-11-21,"1,702.0"
2011-11-22,"1,699.0"
2011-11-23,"1,681.0"
2011-11-24,"1,692.5"
2011-11-25,"1,688.5"
2011-11-28,"1,714.0"
2011-11-29,"1,717.0"
2011-11-30,"1,746.0"
2011-12-01,"1,752.0"
2011-12-02,"1,747.0"
2011-12-05,"1,744.0"
2011-12-06,"1,708.0"
2011-12-07,"1,735.5"
2011-12-08,"1,715.0"
2011-12-09,"1,709.0"
2011-12-12,"1,659.5"
2011-12-13,"1,672.5"
2011-12-14,"1,603.0"
2011-12-15,"1,574.0"
2011-12-16,"1,594.0"
2011-12-19,"1,598.0"
2011-12-20,"1,613.5"
2011-12-21,"1,608.0"
2011-12-22,"1,606.5"
2011-12-23,"1,606.5"
2011-12-26,"1,606.5"
2011-12-27,"1,606.5"
2011-12-28,"1,571.0"
2011-12-29,"1,531.0"
2011-12-30,"1,531.0"
2012-01-02,"1,531.0"
2012-01-03,"1,598.0"
2012-01-04,"1,613.0"
2012-01-05,"1,599.0"
2012-01-06,"1,616.5"
2012-01-09,"1,615.0"
2012-01-10,"1,637.0"
2012-01-11,"1,634.5"
2012-01-12,"1,661.0"
2012-01-13,"1,635.5"
2012-01-16,"1,641.0"
2012-01-17,"1,656.0"
2012-01-18,"1,647.0"
2012-01-19,"1,655.0"
2012-01-20,"1,653.0"
2012-01-23,"1,675.5"
2012-01-24,"1,665.5"
2012-01-25,"1,650.0"
2012-01-26,"1,727.0"
2012-01-27,"1,726.0"
2012-01-30,"1,729.0"
2012-01-31,"1,744.0"
2012-02-01,"1,740.0"
2012-02-02,"1,751.0"
2012-02-03,"1,734.0"
2012-02-06,"1,719.0"
2012-02-07,"1,724.0"
2012-02-08,"1,746.0"
2012-02-09,"1,748.0"
2012-02-10,"1,711.5"
2012-02-13,"1,720.0"
2012-02-14,"1,722.0"
2012-02-15,"1,733.0"
2012-02-16,"1,713.0"
2012-02-17,"1,723.0"
2012-02-20,"1,733.0"
2012-02-21,"1,748.0"
2012-02-22,"1,752.0"
2012-02-23,"1,777.0"
2012-02-24,"1,777.5"
2012-02-27,"1,772.0"
2012-02-28,"1,781.0"
2012-02-29,"1,770.0"
2012-03-01,"1,714.0"
2012-03-02,"1,707.0"
2012-03-05,"1,705.0"
2012-03-06,"1,669.0"
2012-03-07,"1,677.5"
2012-03-08,"1,690.0"
2012-03-09,"1,687.5"
2012-03-12,"1,697.5"
2012-03-13,"1,690.0"
2012-03-14,"1,644.3"
2012-03-15,"1,648.0"
2012-03-16,"1,658.0"
2012-03-19,"1,661.5"
2012-03-20,"1,656.8"
2012-03-21,"1,649.3"
2012-03-22,"1,635.5"
2012-03-23,"1,664.0"
2012-03-26,"1,680.3"
2012-03-27,"1,692.0"
2012-03-28,"1,676.0"
2012-03-29,"1,657.5"
2012-03-30,"1,662.5"
2012-04-02,"1,677.5"
2012-04-03,"1,676.3"
2012-04-04,"1,621.0"
2012-04-05,"1,631.0"
2012-04-06,"1,631.0"
2012-04-09,"1,631.0"
2012-04-10,"1,644.0"
2012-04-11,"1,658.0"
2012-04-12,"1,668.5"
2012-04-13,"1,666.5"
2012-04-16,"1,653.0"
2012-04-17,"1,635.5"
2012-04-18,"1,644.0"
2012-04-19,"1,650.0"
2012-04-20,"1,641.5"
2012-04-23,"1,629.0"
2012-04-24,"1,649.5"
2012-04-25,"1,637.8"
2012-04-26,"1,653.5"
2012-04-27,"1,663.5"
2012-04-30,"1,651.3"
2012-05-01,"1,664.0"
2012-05-02,"1,648.0"
2012-05-03,"1,637.8"
2012-05-04,"1,643.8"
2012-05-07,"1,643.8"
2012-05-08,"1,602.5"
2012-05-09,"1,582.5"
2012-05-10,"1,598.5"
2012-05-11,"1,583.0"
2012-05-14,"1,558.5"
2012-05-15,"1,556.5"
2012-05-16,"1,548.5"
2012-05-17,"1,554.0"
2012-05-18,"1,589.5"
2012-05-21,"1,592.5"
2012-05-22,"1,582.5"
2012-05-23,"1,549.0"
2012-05-24,"1,568.5"
2012-05-25,"1,569.5"
2012-05-28,"1,574.6"
2012-05-29,"1,579.5"
2012-05-30,"1,540.0"
2012-05-31,"1,558.0"
2012-06-01,"1,606.0"
2012-06-04,"1,606.0"
2012-06-05,"1,606.0"
2012-06-06,"1,635.0"
2012-06-07,"1,606.0"
2012-06-08,"1,576.5"
2012-06-11,"1,584.0"
2012-06-12,"1,603.5"
2012-06-13,"1,619.5"
2012-06-14,"1,613.5"
2012-06-15,"1,627.3"
2012-06-18,"1,615.5"
2012-06-19,"1,625.5"
2012-06-20,"1,601.0"
2012-06-21,"1,582.0"
2012-06-22,"1,565.5"
2012-06-25,"1,570.0"
2012-06-26,"1,576.0"
2012-06-27,"1,573.5"
2012-06-28,"1,558.5"
2012-06-29,"1,598.5"
2012-07-02,"1,592.0"
2012-07-03,"1,617.5"
2012-07-04,"1,613.5"
2012-07-05,"1,604.0"
2012-07-06,"1,587.0"
2012-07-09,"1,585.0"
2012-07-10,"1,595.3"
2012-07-11,"1,577.0"
2012-07-12,"1,556.3"
2012-07-13,"1,595.5"
2012-07-16,"1,589.8"
2012-07-17,"1,585.3"
2012-07-18,"1,575.3"
2012-07-19,"1,584.0"
2012-07-20,"1,576.3"
2012-07-23,"1,572.3"
2012-07-24,"1,583.3"
2012-07-25,"1,601.0"
2012-07-26,"1,618.0"
2012-07-27,"1,618.3"
2012-07-30,"1,617.8"
2012-07-31,"1,622.0"
2012-08-01,"1,599.0"
2012-08-02,"1,597.0"
2012-08-03,"1,602.0"
2012-08-06,"1,610.0"
2012-08-07,"1,611.0"
2012-08-08,"1,613.3"
2012-08-09,"1,615.0"
2012-08-10,"1,618.5"
2012-08-13,"1,622.5"
2012-08-14,"1,597.8"
2012-08-15,"1,601.8"
2012-08-16,"1,604.5"
2012-08-17,"1,614.8"
2012-08-20,"1,615.0"
2012-08-21,"1,639.5"
2012-08-22,"1,642.0"
2012-08-23,"1,665.3"
2012-08-24,"1,667.0"
2012-08-27,"1,667.0"
2012-08-28,"1,668.0"
2012-08-29,"1,660.0"
2012-08-30,"1,660.5"
2012-08-31,"1,648.5"
2012-09-03,"1,691.5"
2012-09-04,"1,697.0"
2012-09-05,"1,690.0"
2012-09-06,"1,701.0"
2012-09-07,"1,728.0"
2012-09-10,"1,732.0"
2012-09-11,"1,736.8"
2012-09-12,"1,737.0"
2012-09-13,"1,733.3"
2012-09-14,"1,775.5"
2012-09-17,"1,770.0"
2012-09-18,"1,769.5"
2012-09-19,"1,766.8"
2012-09-20,"1,758.5"
2012-09-21,"1,784.5"
2012-09-24,"1,762.5"
2012-09-25,"1,771.5"
2012-09-26,"1,744.8"
2012-09-27,"1,763.0"
2012-09-28,"1,776.0"
2012-10-01,"1,787.0"
2012-10-02,"1,775.5"
2012-10-03,"1,775.3"
2012-10-04,"1,791.8"
2012-10-05,"1,784.0"
2012-10-08,"1,773.5"
2012-10-09,"1,774.0"
2012-10-10,"1,761.3"
2012-10-11,"1,769.0"
2012-10-12,"1,766.8"
2012-10-15,"1,736.0"
2012-10-16,"1,746.5"
2012-10-17,"1,749.0"
2012-10-18,"1,743.0"
2012-10-19,"1,737.0"
2012-10-22,"1,726.8"
2012-10-23,"1,711.0"
2012-10-24,"1,706.5"
2012-10-25,"1,715.5"
2012-10-26,"1,716.0"
2012-10-29,"1,707.0"
2012-10-30,"1,710.0"
2012-10-31,"1,719.0"
2012-11-01,"1,716.3"
2012-11-02,"1,685.0"
2012-11-05,"1,683.5"
2012-11-06,"1,691.0"
2012-11-07,"1,715.3"
2012-11-08,"1,717.0"
2012-11-09,"1,738.3"
2012-11-12,"1,735.3"
2012-11-13,"1,726.3"
2012-11-14,"1,725.8"
2012-11-15,"1,710.0"
2012-11-16,"1,713.5"
2012-11-19,"1,730.5"
2012-11-20,"1,732.3"
2012-11-21,"1,724.0"
2012-11-22,"1,731.0"
2012-11-23,"1,734.5"
2012-11-26,"1,750.5"
2012-11-27,"1,746.3"
2012-11-28,"1,708.0"
2012-11-29,"1,725.0"
2012-11-30,"1,726.0"
2012-12-03,"1,720.0"
2012-12-04,"1,697.8"
2012-12-05,"1,694.0"
2012-12-06,"1,694.3"
2012-12-07,"1,701.5"
2012-12-10,"1,712.5"
2012-12-11,"1,710.0"
2012-12-12,"1,716.3"
2012-12-13,"1,692.8"
2012-12-14,"1,696.3"
2012-12-17,"1,695.8"
2012-12-18,"1,694.0"
2012-12-19,"1,665.0"
2012-12-20,"1,650.5"
2012-12-21,"1,651.5"
2012-12-24,"1,651.5"
2012-12-25,"1,651.5"
2012-12-26,"1,651.5"
2012-12-27,"1,655.5"
2012-12-28,"1,657.5"
2012-12-31,"1,657.5"
2013-01-01,"1,657.5"
2013-01-02,"1,693.8"
2013-01-03,"1,679.5"
2013-01-04,"1,648.0"
2013-01-07,"1,645.3"
2013-01-08,"1,656.0"
2013-01-09,"1,657.8"
2013-01-10,"1,675.0"
2013-01-11,"1,657.5"
2013-01-14,"1,666.5"
2013-01-15,"1,680.5"
2013-01-16,"1,676.3"
2013-01-17,"1,675.0"
2013-01-18,"1,688.5"
2013-01-21,"1,687.5"
2013-01-22,"1,690.5"
2013-01-23,"1,690.3"
2013-01-24,"1,671.0"
2013-01-25,"1,660.0"
2013-01-28,"1,656.5"
2013-01-29,"1,663.5"
2013-01-30,"1,677.5"
2013-01-31,"1,664.8"
2013-02-01,"1,669.0"
2013-02-04,"1,666.0"
2013-02-05,"1,673.5"
2013-02-06,"1,674.3"
2013-02-07,"1,668.0"
2013-02-08,"1,668.3"
2013-02-11,"1,652.0"
2013-02-12,"1,647.5"
2013-02-13,"1,645.0"
2013-02-14,"1,646.0"
2013-02-15,"1,612.3"
2013-02-18,"1,610.8"
2013-02-19,"1,607.8"
2013-02-20,"1,588.5"
2013-02-21,"1,577.0"
2013-02-22,"1,576.5"
2013-02-25,"1,586.3"
2013-02-26,"1,590.5"
2013-02-27,"1,604.3"
2013-02-28,"1,588.5"
2013-03-01,"1,582.3"
2013-03-04,"1,574.3"
2013-03-05,"1,579.8"
2013-03-06,"1,574.0"
2013-03-07,"1,579.5"
2013-03-08,"1,581.8"
2013-03-11,"1,579.0"
2013-03-12,"1,594.0"
2013-03-13,"1,589.3"
2013-03-14,"1,586.0"
2013-03-15,"1,595.5"
2013-03-18,"1,603.8"
2013-03-19,"1,610.8"
2013-03-20,"1,607.5"
2013-03-21,"1,613.8"
2013-03-22,"1,607.8"
2013-03-25,"1,599.3"
2013-03-26,"1,598.0"
2013-03-27,"1,603.0"
2013-03-28,"1,598.3"
2013-03-29,"1,598.3"
2013-04-01,"1,598.3"
2013-04-02,"1,583.5"
2013-04-03,"1,574.8"
2013-04-04,"1,546.5"
2013-04-05,"1,568.0"
2013-04-08,"1,575.0"
2013-04-09,"1,577.3"
2013-04-10,"1,575.0"
2013-04-11,"1,565.0"
2013-04-12,"1,535.5"
2013-04-15,"1,395.0"
2013-04-16,"1,380.0"
2013-04-17,"1,392.0"
2013-04-18,"1,393.8"
2013-04-19,"1,405.5"
2013-04-22,"1,424.5"
2013-04-23,"1,408.0"
2013-04-24,"1,428.5"
2013-04-25,"1,451.0"
2013-04-26,"1,471.5"
2013-04-29,"1,467.5"
2013-04-30,"1,469.0"
2013-05-01,"1,454.8"
2013-05-02,"1,469.3"
2013-05-03,"1,469.3"
2013-05-06,"1,469.3"
2013-05-07,"1,444.3"
2013-05-08,"1,468.0"
2013-05-09,"1,465.5"
2013-05-10,"1,426.5"
2013-05-13,"1,430.8"
2013-05-14,"1,433.8"
2013-05-15,"1,410.0"
2013-05-16,"1,381.0"
2013-05-17,"1,368.8"
2013-05-20,"1,354.8"
2013-05-21,"1,360.8"
2013-05-22,"1,408.5"
2013-05-23,"1,380.5"
2013-05-24,"1,390.3"
2013-05-27,"1,390.3"
2013-05-28,"1,376.5"
2013-05-29,"1,382.5"
2013-05-30,"1,413.5"
2013-05-31,"1,394.5"
2013-06-03,"1,402.5"
2013-06-04,"1,399.5"
2013-06-05,"1,404.0"
2013-06-06,"1,400.0"
2013-06-07,"1,386.0"
2013-06-10,"1,383.3"
2013-06-11,"1,374.3"
2013-06-12,"1,382.8"
2013-06-13,"1,385.0"
2013-06-14,"1,391.3"
2013-06-17,"1,384.8"
2013-06-18,"1,366.8"
2013-06-19,"1,372.8"
2013-06-20,"1,292.5"
2013-06-21,"1,295.3"
2013-06-24,"1,286.8"
2013-06-25,"1,279.0"
2013-06-26,"1,236.3"
2013-06-27,"1,232.8"
2013-06-28,"1,192.0"
2013-07-01,"1,242.8"
2013-07-02,"1,252.5"
2013-07-03,"1,250.0"
2013-07-04,"1,251.8"
2013-07-05,"1,212.8"
2013-07-08,"1,235.3"
2013-07-09,"1,255.5"
2013-07-10,"1,256.0"
2013-07-11,"1,285.0"
2013-07-12,"1,279.8"
2013-07-15,"1,284.8"
2013-07-16,"1,291.5"
2013-07-17,"1,297.3"
2013-07-18,"1,283.3"
2013-07-19,"1,295.8"
2013-07-22,"1,327.0"
2013-07-23,"1,333.5"
2013-07-24,"1,335.0"
2013-07-25,"1,326.0"
2013-07-26,"1,331.0"
2013-07-29,"1,329.8"
2013-07-30,"1,324.2"
2013-07-31,"1,314.5"
2013-08-01,"1,315.0"
2013-08-02,"1,309.3"
2013-08-05,"1,304.8"
2013-08-06,"1,280.5"
2013-08-07,"1,282.5"
2013-08-08,"1,298.3"
2013-08-09,"1,309.0"
2013-08-12,"1,341.0"
2013-08-13,"1,328.5"
2013-08-14,"1,326.5"
2013-08-15,"1,329.8"
2013-08-16,"1,369.3"
2013-08-19,"1,365.0"
2013-08-20,"1,372.5"
2013-08-21,"1,363.0"
2013-08-22,"1,375.5"
2013-08-23,"1,377.5"
2013-08-26,"1,377.5"
2013-08-27,"1,419.3"
2013-08-28,"1,419.5"
2013-08-29,"1,407.8"
2013-08-30,"1,394.8"
2013-09-02,"1,392.3"
2013-09-03,"1,399.5"
2013-09-04,"1,390.0"
2013-09-05,"1,385.0"
2013-09-06,"1,387.0"
2013-09-09,"1,390.0"
2013-09-10,"1,358.3"
2013-09-11,"1,363.8"
2013-09-12,"1,328.0"
2013-09-13,"1,318.5"
2013-09-16,"1,324.0"
2013-09-17,"1,312.3"
2013-09-18,"1,301.0"
2013-09-19,"1,365.5"
2013-09-20,"1,349.3"
2013-09-23,"1,323.0"
2013-09-24,"1,314.3"
2013-09-25,"1,322.8"
2013-09-26,"1,333.0"
2013-09-27,"1,341.0"
2013-09-30,"1,326.5"
2013-10-01,"1,290.8"
2013-10-02,"1,306.3"
2013-10-03,"1,316.0"
2013-10-04,"1,309.8"
2013-10-07,"1,323.5"
2013-10-08,"1,329.5"
2013-10-09,"1,304.0"
2013-10-10,"1,298.5"
2013-10-11,"1,265.5"
2013-10-14,"1,285.5"
2013-10-15,"1,270.5"
2013-10-16,"1,273.5"
2013-10-17,"1,319.3"
2013-10-18,"1,316.5"
2013-10-21,"1,317.5"
2013-10-22,"1,333.0"
2013-10-23,"1,331.3"
2013-10-24,"1,344.8"
2013-10-25,"1,347.8"
2013-10-28,"1,361.0"
2013-10-29,"1,349.3"
2013-10-30,"1,354.8"
2013-10-31,"1,324.0"
2013-11-01,"1,306.8"
2013-11-04,"1,320.5"
2013-11-05,"1,307.3"
2013-11-06,"1,319.0"
2013-11-07,"1,307.3"
2013-11-08,"1,285.5"
2013-11-11,"1,282.5"
2013-11-12,"1,281.3"
2013-11-13,"1,272.5"
2013-11-14,"1,286.0"
2013-11-15,"1,287.3"
2013-11-18,"1,283.5"
2013-11-19,"1,275.8"
2013-11-20,"1,257.0"
2013-11-21,"1,240.0"
2013-11-22,"1,246.3"
2013-11-25,"1,243.0"
2013-11-26,"1,247.5"
2013-11-27,"1,245.0"
2013-11-28,"1,245.5"
2013-11-29,"1,253.0"
2013-12-02,"1,229.5"
2013-12-03,"1,217.3"
2013-12-04,"1,227.5"
2013-12-05,"1,222.5"
2013-12-06,"1,233.0"
2013-12-09,"1,237.0"
2013-12-10,"1,266.3"
2013-12-11,"1,260.8"
2013-12-12,"1,225.3"
2013-12-13,"1,232.0"
2013-12-16,"1,234.8"
2013-12-17,"1,231.8"
2013-12-18,"1,230.5"
2013-12-19,"1,196.0"
2013-12-20,"1,195.3"
2013-12-23,"1,199.0"
2013-12-24,"1,199.0"
2013-12-25,"1,199.0"
2013-12-26,"1,199.0"
2013-12-27,"1,214.5"
2013-12-30,"1,204.5"
2013-12-31,"1,204.5"
2014-01-01,"1,204.5"
2014-01-02,"1,225.0"
2014-01-03,"1,234.5"
2014-01-06,"1,246.3"
2014-01-07,"1,227.5"
2014-01-08,"1,221.0"
2014-01-09,"1,226.0"
2014-01-10,"1,244.3"
2014-01-13,"1,248.0"
2014-01-14,"1,251.5"
2014-01-15,"1,236.0"
2014-01-16,"1,241.5"
2014-01-17,"1,250.0"
2014-01-20,"1,255.8"
2014-01-21,"1,238.0"
2014-01-22,"1,241.0"
2014-01-23,"1,263.0"
2014-01-24,"1,267.0"
2014-01-27,"1,260.5"
2014-01-28,"1,251.3"
2014-01-29,"1,264.0"
2014-01-30,"1,242.5"
2014-01-31,"1,251.0"
2014-02-03,"1,262.0"
2014-02-04,"1,250.3"
2014-02-05,"1,254.5"
2014-02-06,"1,256.5"
2014-02-07,"1,259.3"
2014-02-10,"1,277.0"
2014-02-11,"1,282.0"
2014-02-12,"1,289.5"
2014-02-13,"1,296.0"
2014-02-14,"1,320.0"
2014-02-17,"1,327.5"
2014-02-18,"1,320.8"
2014-02-19,"1,320.5"
2014-02-20,"1,316.3"
2014-02-21,"1,323.3"
2014-02-24,"1,334.8"
2014-02-25,"1,339.0"
2014-02-26,"1,331.8"
2014-02-27,"1,332.3"
2014-02-28,"1,326.5"
2014-03-03,"1,349.5"
2014-03-04,"1,334.8"
2014-03-05,"1,337.0"
2014-03-06,"1,345.3"
2014-03-07,"1,335.3"
2014-03-10,"1,344.0"
2014-03-11,"1,346.3"
2014-03-12,"1,366.0"
2014-03-13,"1,368.8"
2014-03-14,"1,385.0"
2014-03-17,"1,378.5"
2014-03-18,"1,355.8"
2014-03-19,"1,338.0"
2014-03-20,"1,327.0"
2014-03-21,"1,336.0"
2014-03-24,"1,310.8"
2014-03-25,"1,313.5"
2014-03-26,"1,304.0"
2014-03-27,"1,296.0"
2014-03-28,"1,294.8"
2014-03-31,"1,291.8"
2014-04-01,"1,283.8"
2014-04-02,"1,292.0"
2014-04-03,"1,284.0"
2014-04-04,"1,297.3"
2014-04-07,"1,299.0"
2014-04-08,"1,309.5"
2014-04-09,"1,301.8"
2014-04-10,"1,320.5"
2014-04-11,"1,318.0"
2014-04-14,"1,325.8"
2014-04-15,"1,298.0"
2014-04-16,"1,301.5"
2014-04-17,"1,299.0"
2014-04-18,"1,299.0"
2014-04-21,"1,299.0"
2014-04-22,"1,286.8"
2014-04-23,"1,285.3"
2014-04-24,"1,291.5"
2014-04-25,"1,301.3"
2014-04-28,"1,299.0"
2014-04-29,"1,297.8"
2014-04-30,"1,288.5"
2014-05-01,"1,278.5"
2014-05-02,"1,281.3"
2014-05-05,"1,281.3"
2014-05-06,"1,306.3"
2014-05-07,"1,296.0"
2014-05-08,"1,287.0"
2014-05-09,"1,291.3"
2014-05-12,"1,298.8"
2014-05-13,"1,296.5"
2014-05-14,"1,305.3"
2014-05-15,"1,299.0"
2014-05-16,"1,291.5"
2014-05-19,"1,302.0"
2014-05-20,"1,295.5"
2014-05-21,"1,287.3"
2014-05-22,"1,298.5"
2014-05-23,"1,291.5"
2014-05-26,"1,291.5"
2014-05-27,"1,275.5"
2014-05-28,"1,263.5"
2014-05-29,"1,255.0"
2014-05-30,"1,250.5"
2014-06-02,"1,247.3"
2014-06-03,"1,242.8"
2014-06-04,"1,245.3"
2014-06-05,"1,252.5"
2014-06-06,"1,247.5"
2014-06-09,"1,253.5"
2014-06-10,"1,259.5"
2014-06-11,"1,262.0"
2014-06-12,"1,265.8"
2014-06-13,"1,273.0"
2014-06-16,"1,276.3"
2014-06-17,"1,267.5"
2014-06-18,"1,269.8"
2014-06-19,"1,293.0"
2014-06-20,"1,312.5"
2014-06-23,"1,313.5"
2014-06-24,"1,318.5"
2014-06-25,"1,316.8"
2014-06-26,"1,311.8"
2014-06-27,"1,317.5"
2014-06-30,"1,315.0"
2014-07-01,"1,327.5"
2014-07-02,"1,326.5"
2014-07-03,"1,317.5"
2014-07-04,"1,319.3"
2014-07-07,"1,313.0"
2014-07-08,"1,323.0"
2014-07-09,"1,322.8"
2014-07-10,"1,340.3"
2014-07-11,"1,335.0"
2014-07-14,"1,306.0"
2014-07-15,"1,310.0"
2014-07-16,"1,301.0"
2014-07-17,"1,302.5"
2014-07-18,"1,307.3"
2014-07-21,"1,311.5"
2014-07-22,"1,310.3"
2014-07-23,"1,308.0"
2014-07-24,"1,292.8"
2014-07-25,"1,294.8"
2014-07-28,"1,304.5"
2014-07-29,"1,299.3"
2014-07-30,"1,294.5"
2014-07-31,"1,285.3"
2014-08-01,"1,291.3"
2014-08-04,"1,290.5"
2014-08-05,"1,284.8"
2014-08-06,"1,306.5"
2014-08-07,"1,305.3"
2014-08-08,"1,309.8"
2014-08-11,"1,307.3"
2014-08-12,"1,315.8"
2014-08-13,"1,312.0"
2014-08-14,"1,313.5"
2014-08-15,"1,296.0"
2014-08-18,"1,296.8"
2014-08-19,"1,296.5"
2014-08-20,"1,295.0"
2014-08-21,"1,275.3"
2014-08-22,"1,277.3"
2014-08-25,"1,277.3"
2014-08-26,"1,286.0"
2014-08-27,"1,282.8"
2014-08-28,"1,292.0"
2014-08-29,"1,285.8"
2014-09-01,"1,286.5"
2014-09-02,"1,267.0"
2014-09-03,"1,265.5"
2014-09-04,"1,271.5"
2014-09-05,"1,266.0"
2014-09-08,"1,259.0"
2014-09-09,"1,255.8"
2014-09-10,"1,251.0"
2014-09-11,"1,241.3"
2014-09-12,"1,231.5"
2014-09-15,"1,234.3"
2014-09-16,"1,232.3"
2014-09-17,"1,236.0"
2014-09-18,"1,220.5"
2014-09-19,"1,219.8"
2014-09-22,"1,213.5"
2014-09-23,"1,222.0"
2014-09-24,"1,217.3"
2014-09-25,"1,213.8"
2014-09-26,"1,213.8"
2014-09-29,"1,219.5"
2014-09-30,"1,216.5"
2014-10-01,"1,216.5"
2014-10-02,"1,211.8"
2014-10-03,"1,195.0"
2014-10-06,"1,195.8"
2014-10-07,"1,210.5"
2014-10-08,"1,217.0"
2014-10-09,"1,226.8"
2014-10-10,"1,219.0"
2014-10-13,"1,229.0"
2014-10-14,"1,234.8"
2014-10-15,"1,237.5"
2014-10-16,"1,237.8"
2014-10-17,"1,234.3"
2014-10-20,"1,244.5"
2014-10-21,"1,250.3"
2014-10-22,"1,243.8"
2014-10-23,"1,232.8"
2014-10-24,"1,232.8"
2014-10-27,"1,228.8"
2014-10-28,"1,229.3"
2014-10-29,"1,223.5"
2014-10-30,"1,202.0"
2014-10-31,"1,164.3"
2014-11-03,"1,167.8"
2014-11-04,"1,166.5"
2014-11-05,"1,142.0"
2014-11-06,"1,145.0"
2014-11-07,"1,154.5"
2014-11-10,"1,162.0"
2014-11-11,"1,156.5"
2014-11-12,"1,164.5"
2014-11-13,"1,161.8"
2014-11-14,"1,169.0"
2014-11-17,"1,182.5"
2014-11-18,"1,192.8"
2014-11-19,"1,196.0"
2014-11-20,"1,190.0"
2014-11-21,"1,203.8"
2014-11-24,"1,197.5"
2014-11-25,"1,199.0"
2014-11-26,"1,197.5"
2014-11-27,"1,194.8"
2014-11-28,"1,182.8"
2014-12-01,"1,194.0"
2014-12-02,"1,195.0"
2014-12-03,"1,204.8"
2014-12-04,"1,209.0"
2014-12-05,"1,194.0"
2014-12-08,"1,193.0"
2014-12-09,"1,227.0"
2014-12-10,"1,229.0"
2014-12-11,"1,216.3"
2014-12-12,"1,217.0"
2014-12-15,"1,209.3"
2014-12-16,"1,202.5"
2014-12-17,"1,195.8"
2014-12-18,"1,199.0"
2014-12-19,"1,195.5"
2014-12-22,"1,195.3"
2014-12-23,"1,175.8"
2014-12-24,"1,175.8"
2014-12-25,"1,175.8"
2014-12-26,"1,175.8"
2014-12-29,"1,185.5"
2014-12-30,"1,206.0"
2014-12-31,"1,206.0"
2015-01-01,"1,206.0"
2015-01-02,"1,172.0"
2015-01-05,"1,200.0"
2015-01-06,"1,210.3"
2015-01-07,"1,210.5"
2015-01-08,"1,215.5"
2015-01-09,"1,217.8"
2015-01-12,"1,226.5"
2015-01-13,"1,231.5"
2015-01-14,"1,235.0"
2015-01-15,"1,259.0"
2015-01-16,"1,277.5"
2015-01-19,"1,273.8"
2015-01-20,"1,288.8"
2015-01-21,"1,293.5"
2015-01-22,"1,295.8"
2015-01-23,"1,294.8"
2015-01-26,"1,281.3"
2015-01-27,"1,288.5"
2015-01-28,"1,288.0"
2015-01-29,"1,268.8"
2015-01-30,"1,260.3"
2015-02-02,"1,272.5"
2015-02-03,"1,264.3"
2015-02-04,"1,268.5"
2015-02-05,"1,259.3"
2015-02-06,"1,241.0"
2015-02-09,"1,238.5"
2015-02-10,"1,234.5"
2015-02-11,"1,223.8"
2015-02-12,"1,222.5"
2015-02-13,"1,232.5"
2015-02-16,"1,229.3"
2015-02-17,"1,209.5"
2015-02-18,"1,206.0"
2015-02-19,"1,209.5"
2015-02-20,"1,208.3"
2015-02-23,"1,204.5"
2015-02-24,"1,192.5"
2015-02-25,"1,204.8"
2015-02-26,"1,208.3"
2015-02-27,"1,214.0"
2015-03-02,"1,212.5"
2015-03-03,"1,212.8"
2015-03-04,"1,199.5"
2015-03-05,"1,202.0"
2015-03-06,"1,175.8"
2015-03-09,"1,168.5"
2015-03-10,"1,162.0"
2015-03-11,"1,150.0"
2015-03-12,"1,152.3"
2015-03-13,"1,152.0"
2015-03-16,"1,150.8"
2015-03-17,"1,150.8"
2015-03-18,"1,147.3"
2015-03-19,"1,166.0"
2015-03-20,"1,183.1"
2015-03-23,"1,186.3"
2015-03-24,"1,191.5"
2015-03-25,"1,195.6"
2015-03-26,"1,203.2"
2015-03-27,"1,195.8"
2015-03-30,"1,185.5"
2015-03-31,"1,187.0"
2015-04-01,"1,197.0"
2015-04-02,"1,198.5"
2015-04-03,"1,198.5"
2015-04-06,"1,198.5"
2015-04-07,"1,211.0"
2015-04-08,"1,207.3"
2015-04-09,"1,194.8"
2015-04-10,"1,207.4"
2015-04-13,"1,198.9"
2015-04-14,"1,194.8"
2015-04-15,"1,192.9"
2015-04-16,"1,204.4"
2015-04-17,"1,203.4"
2015-04-20,"1,196.5"
2015-04-21,"1,195.3"
2015-04-22,"1,189.3"
2015-04-23,"1,185.8"
2015-04-24,"1,183.0"
2015-04-27,"1,200.0"
2015-04-28,"1,209.0"
2015-04-29,"1,209.0"
2015-04-30,"1,180.3"
2015-05-01,"1,176.0"
2015-05-04,"1,176.0"
2015-05-05,"1,197.0"
2015-05-06,"1,194.3"
2015-05-07,"1,187.0"
2015-05-08,"1,186.0"
2015-05-11,"1,189.3"
2015-05-12,"1,191.5"
2015-05-13,"1,210.5"
2015-05-14,"1,225.0"
2015-05-15,"1,220.5"
2015-05-18,"1,223.5"
2015-05-19,"1,214.3"
2015-05-20,"1,210.5"
2015-05-21,"1,205.0"
2015-05-22,"1,204.1"
2015-05-25,"1,204.1"
2015-05-26,"1,185.4"
2015-05-27,"1,185.9"
2015-05-28,"1,185.0"
2015-05-29,"1,191.4"
2015-06-01,"1,199.9"
2015-06-02,"1,192.8"
2015-06-03,"1,190.0"
2015-06-04,"1,176.0"
2015-06-05,"1,164.6"
2015-06-08,"1,172.8"
2015-06-09,"1,177.4"
2015-06-10,"1,188.5"
2015-06-11,"1,178.5"
2015-06-12,"1,182.8"
2015-06-15,"1,181.4"
2015-06-16,"1,177.8"
2015-06-17,"1,178.0"
2015-06-18,"1,201.9"
2015-06-19,"1,203.4"
2015-06-22,"1,185.5"
2015-06-23,"1,178.0"
2015-06-24,"1,173.8"
2015-06-25,"1,172.7"
2015-06-26,"1,170.5"
2015-06-29,"1,176.0"
2015-06-30,"1,171.0"
2015-07-01,"1,168.0"
2015-07-02,"1,165.3"
2015-07-03,"1,168.0"
2015-07-06,"1,166.0"
2015-07-07,"1,156.3"
2015-07-08,"1,158.5"
2015-07-09,"1,164.3"
2015-07-10,"1,159.3"
2015-07-13,"1,154.0"
2015-07-14,"1,157.4"
2015-07-15,"1,147.4"
2015-07-16,"1,144.4"
2015-07-17,"1,132.8"
2015-07-20,"1,104.6"
2015-07-21,"1,105.6"
2015-07-22,"1,088.6"
2015-07-23,"1,097.4"
2015-07-24,"1,080.8"
2015-07-27,"1,100.0"
2015-07-28,"1,096.2"
2015-07-29,"1,090.3"
2015-07-30,"1,087.5"
2015-07-31,"1,098.4"
2015-08-03,"1,091.9"
2015-08-04,"1,090.7"
2015-08-05,"1,085.1"
2015-08-06,"1,089.8"
2015-08-07,"1,093.5"
2015-08-10,"1,097.0"
2015-08-11,"1,108.3"
2015-08-12,"1,119.0"
2015-08-13,"1,116.8"
2015-08-14,"1,118.3"
2015-08-17,"1,118.8"
2015-08-18,"1,111.5"
2015-08-19,"1,126.2"
2015-08-20,"1,147.7"
2015-08-21,"1,156.5"
2015-08-24,"1,166.5"
2015-08-25,"1,137.5"
2015-08-26,"1,120.8"
2015-08-27,"1,119.0"
2015-08-28,"1,135.0"
2015-08-31,"1,135.0"
2015-09-01,"1,142.3"
2015-09-02,"1,137.8"
2015-09-03,"1,128.0"
2015-09-04,"1,118.3"
2015-09-07,"1,119.5"
2015-09-08,"1,121.2"
2015-09-09,"1,109.9"
2015-09-10,"1,109.5"
2015-09-11,"1,100.3"
2015-09-14,"1,104.8"
2015-09-15,"1,106.0"
2015-09-16,"1,117.6"
2015-09-17,"1,117.5"
2015-09-18,"1,141.5"
2015-09-21,"1,133.3"
2015-09-22,"1,122.9"
2015-09-23,"1,131.4"
2015-09-24,"1,154.5"
2015-09-25,"1,146.7"
2015-09-28,"1,131.1"
2015-09-29,"1,132.1"
2015-09-30,"1,114.0"
2015-10-01,"1,119.0"
2015-10-02,"1,140.8"
2015-10-05,"1,139.8"
2015-10-06,"1,147.5"
2015-10-07,"1,144.6"
2015-10-08,"1,140.0"
2015-10-09,"1,151.6"
2015-10-12,"1,164.9"
2015-10-13,"1,165.2"
2015-10-14,"1,173.9"
2015-10-15,"1,184.3"
2015-10-16,"1,180.9"
2015-10-19,"1,175.4"
2015-10-20,"1,177.8"
2015-10-21,"1,167.1"
2015-10-22,"1,167.0"
2015-10-23,"1,161.3"
2015-10-26,"1,166.4"
2015-10-27,"1,165.7"
2015-10-28,"1,179.6"
2015-10-29,"1,148.6"
2015-10-30,"1,142.4"
2015-11-02,"1,134.0"
2015-11-03,"1,123.1"
2015-11-04,"1,114.7"
2015-11-05,"1,106.3"
2015-11-06,"1,088.9"
2015-11-09,"1,089.6"
2015-11-10,"1,087.1"
2015-11-11,"1,085.9"
2015-11-12,"1,087.4"
2015-11-13,"1,081.5"
2015-11-16,"1,084.8"
2015-11-17,"1,079.2"
2015-11-18,"1,067.8"
2015-11-19,"1,082.6"
2015-11-20,"1,081.8"
2015-11-23,"1,070.5"
2015-11-24,"1,076.4"
2015-11-25,"1,068.0"
2015-11-26,"1,071.0"
2015-11-27,"1,057.4"
2015-11-30,"1,061.9"
2015-12-01,"1,065.4"
2015-12-02,"1,055.4"
2015-12-03,"1,055.5"
2015-12-04,"1,079.3"
2015-12-07,"1,075.8"
2015-12-08,"1,072.1"
2015-12-09,"1,081.0"
2015-12-10,"1,071.0"
2015-12-11,"1,072.5"
2015-12-14,"1,068.3"
2015-12-15,"1,061.5"
2015-12-16,"1,075.3"
2015-12-17,"1,049.4"
2015-12-18,"1,062.5"
2015-12-21,"1,078.8"
2015-12-22,"1,074.9"
2015-12-23,"1,068.3"
2015-12-24,"1,068.3"
2015-12-25,"1,068.3"
2015-12-28,"1,068.3"
2015-12-29,"1,070.1"
2015-12-30,"1,060.0"
2015-12-31,"1,060.0"
2016-01-01,"1,060.0"
2016-01-04,"1,082.3"
2016-01-05,"1,077.0"
2016-01-06,"1,091.4"
2016-01-07,"1,106.4"
2016-01-08,"1,101.9"
2016-01-11,"1,100.8"
2016-01-12,"1,085.4"
2016-01-13,"1,088.2"
2016-01-14,"1,088.4"
2016-01-15,"1,093.8"
2016-01-18,"1,089.2"
2016-01-19,"1,086.3"
2016-01-20,"1,101.8"
2016-01-21,"1,096.5"
2016-01-22,"1,096.3"
2016-01-25,"1,106.6"
2016-01-26,"1,113.6"
2016-01-27,"1,116.3"
2016-01-28,"1,114.0"
2016-01-29,"1,111.8"
2016-02-01,"1,126.5"
2016-02-02,"1,128.5"
2016-02-03,"1,132.0"
2016-02-04,"1,156.4"
2016-02-05,"1,150.4"
2016-02-08,"1,193.3"
2016-02-09,"1,191.0"
2016-02-10,"1,190.0"
2016-02-11,"1,241.0"
2016-02-12,"1,239.8"
2016-02-15,"1,208.2"
2016-02-16,"1,209.5"
2016-02-17,"1,210.0"
2016-02-18,"1,210.1"
2016-02-19,"1,231.2"
2016-02-22,"1,211.0"
2016-02-23,"1,221.4"
2016-02-24,"1,250.8"
2016-02-25,"1,236.0"
2016-02-26,"1,226.5"
2016-02-29,"1,234.9"
2016-03-01,"1,236.5"
2016-03-02,"1,239.2"
2016-03-03,"1,250.3"
2016-03-04,"1,277.5"
2016-03-07,"1,267.9"
2016-03-08,"1,267.0"
2016-03-09,"1,246.4"
2016-03-10,"1,266.5"
2016-03-11,"1,264.8"
2016-03-14,"1,242.8"
2016-03-15,"1,232.0"
2016-03-16,"1,228.5"
2016-03-17,"1,266.5"
2016-03-18,"1,252.1"
2016-03-21,"1,244.9"
2016-03-22,"1,252.5"
2016-03-23,"1,217.6"
2016-03-24,"1,221.0"
2016-03-25,"1,221.0"
2016-03-28,"1,221.0"
2016-03-29,"1,226.0"
2016-03-30,"1,236.3"
2016-03-31,"1,237.0"
2016-04-01,"1,213.6"
2016-04-04,"1,219.8"
2016-04-05,"1,231.3"
2016-04-06,"1,221.4"
2016-04-07,"1,242.1"
2016-04-08,"1,239.5"
2016-04-11,"1,254.8"
2016-04-12,"1,254.6"
2016-04-13,"1,245.8"
2016-04-14,"1,233.9"
2016-04-15,"1,227.1"
2016-04-18,"1,234.3"
2016-04-19,"1,255.4"
2016-04-20,"1,252.0"
2016-04-21,"1,249.3"
2016-04-22,"1,243.3"
2016-04-25,"1,238.9"
2016-04-26,"1,241.7"
2016-04-27,"1,247.4"
2016-04-28,"1,256.0"
2016-04-29,"1,285.7"
2016-05-02,"1,285.7"
2016-05-03,"1,294.0"
2016-05-04,"1,283.0"
2016-05-05,"1,280.3"
2016-05-06,"1,289.0"
2016-05-09,"1,265.3"
2016-05-10,"1,262.8"
2016-05-11,"1,276.9"
2016-05-12,"1,279.3"
2016-05-13,"1,265.9"
2016-05-16,"1,285.8"
2016-05-17,"1,277.0"
2016-05-18,"1,272.9"
2016-05-19,"1,246.3"
2016-05-20,"1,254.2"
2016-05-23,"1,245.9"
2016-05-24,"1,236.9"
2016-05-25,"1,220.6"
2016-05-26,"1,223.9"
2016-05-27,"1,216.3"
2016-05-30,"1,216.3"
2016-05-31,"1,212.1"
2016-06-01,"1,214.5"
2016-06-02,"1,212.4"
2016-06-03,"1,240.5"
2016-06-06,"1,244.0"
2016-06-07,"1,241.0"
2016-06-08,"1,263.0"
2016-06-09,"1,263.9"
2016-06-10,"1,275.5"
2016-06-13,"1,280.8"
2016-06-14,"1,287.2"
2016-06-15,"1,283.3"
2016-06-16,"1,310.8"
2016-06-17,"1,290.7"
2016-06-20,"1,281.8"
2016-06-21,"1,272.6"
2016-06-22,"1,264.9"
2016-06-23,"1,262.2"
2016-06-24,"1,315.5"
2016-06-27,"1,324.6"
2016-06-28,"1,309.7"
2016-06-29,"1,321.5"
2016-06-30,"1,320.8"
2016-07-01,"1,340.0"
2016-07-04,"1,350.8"
2016-07-05,"1,350.8"
2016-07-06,"1,366.3"
2016-07-07,"1,356.7"
2016-07-08,"1,354.3"
2016-07-11,"1,357.1"
2016-07-12,"1,342.4"
2016-07-13,"1,342.8"
2016-07-14,"1,323.6"
2016-07-15,"1,327.0"
2016-07-18,"1,334.7"
2016-07-19,"1,330.9"
2016-07-20,"1,315.9"
2016-07-21,"1,321.2"
2016-07-22,"1,320.8"
2016-07-25,"1,313.2"
2016-07-26,"1,323.0"
2016-07-27,"1,329.0"
2016-07-28,"1,341.8"
2016-07-29,"1,342.0"
2016-08-01,"1,349.7"
2016-08-02,"1,363.8"
2016-08-03,"1,358.9"
2016-08-04,"1,362.8"
2016-08-05,"1,340.4"
2016-08-08,"1,336.8"
2016-08-09,"1,341.0"
2016-08-10,"1,347.7"
2016-08-11,"1,355.0"
2016-08-12,"1,352.2"
2016-08-15,"1,339.4"
2016-08-16,"1,344.0"
2016-08-17,"1,343.4"
2016-08-18,"1,350.1"
2016-08-19,"1,346.4"
2016-08-22,"1,335.9"
2016-08-23,"1,342.0"
2016-08-24,"1,327.3"
2016-08-25,"1,321.3"
2016-08-26,"1,318.8"
2016-08-29,"1,318.8"
2016-08-30,"1,318.2"
2016-08-31,"1,309.3"
2016-09-01,"1,309.5"
2016-09-02,"1,324.7"
2016-09-05,"1,326.4"
2016-09-06,"1,337.3"
2016-09-07,"1,348.4"
2016-09-08,"1,343.4"
2016-09-09,"1,330.9"
2016-09-12,"1,324.6"
2016-09-13,"1,323.7"
2016-09-14,"1,321.8"
2016-09-15,"1,310.8"
2016-09-16,"1,308.4"
2016-09-19,"1,314.9"
2016-09-20,"1,313.8"
2016-09-21,"1,326.1"
2016-09-22,"1,339.1"
2016-09-23,"1,338.7"
2016-09-26,"1,340.5"
2016-09-27,"1,327.0"
2016-09-28,"1,322.5"
2016-09-29,"1,318.1"
2016-09-30,"1,322.5"
2016-10-03,"1,313.3"
2016-10-04,"1,283.3"
2016-10-05,"1,269.4"
2016-10-06,"1,254.5"
2016-10-07,"1,258.8"
2016-10-10,"1,259.5"
2016-10-11,"1,253.5"
2016-10-12,"1,256.5"
2016-10-13,"1,261.1"
2016-10-14,"1,251.8"
2016-10-17,"1,254.8"
2016-10-18,"1,258.2"
2016-10-19,"1,269.1"
2016-10-20,"1,271.7"
2016-10-21,"1,266.1"
2016-10-24,"1,265.6"
2016-10-25,"1,269.4"
2016-10-26,"1,270.5"
2016-10-27,"1,266.3"
2016-10-28,"1,273.0"
2016-10-31,"1,272.0"
2016-11-01,"1,288.5"
2016-11-02,"1,303.8"
2016-11-03,"1,301.0"
2016-11-04,"1,302.8"
2016-11-07,"1,283.1"
2016-11-08,"1,282.4"
2016-11-09,"1,281.4"
2016-11-10,"1,267.5"
2016-11-11,"1,236.5"
2016-11-14,"1,213.6"
2016-11-15,"1,227.0"
2016-11-16,"1,229.2"
2016-11-17,"1,226.8"
2016-11-18,"1,211.0"
2016-11-21,"1,214.3"
2016-11-22,"1,212.3"
2016-11-23,"1,185.4"
2016-11-24,"1,186.1"
2016-11-25,"1,187.7"
2016-11-28,"1,187.0"
2016-11-29,"1,186.6"
2016-11-30,"1,178.1"
2016-12-01,"1,161.9"
2016-12-02,"1,173.5"
2016-12-05,"1,162.2"
2016-12-06,"1,172.5"
2016-12-07,"1,177.7"
2016-12-08,"1,171.1"
2016-12-09,"1,163.6"
2016-12-12,"1,156.1"
2016-12-13,"1,158.6"
2016-12-14,"1,162.3"
2016-12-15,"1,127.0"
2016-12-16,"1,131.6"
2016-12-19,"1,136.3"
2016-12-20,"1,125.7"
2016-12-21,"1,133.7"
2016-12-22,"1,131.4"
2016-12-23,"1,131.4"
2016-12-26,"1,131.4"
2016-12-27,"1,131.4"
2016-12-28,"1,134.6"
2016-12-29,"1,145.9"
2016-12-30,"1,145.9"
2017-01-02,"1,145.9"
2017-01-03,"1,151.0"
2017-01-04,"1,164.3"
2017-01-05,"1,176.7"
2017-01-06,"1,175.9"
2017-01-09,"1,178.5"
2017-01-10,"1,189.5"
2017-01-11,"1,178.6"
2017-01-12,"1,205.1"
2017-01-13,"1,190.4"
2017-01-16,"1,203.0"
2017-01-17,"1,216.1"
2017-01-18,"1,214.8"
2017-01-19,"1,196.1"
2017-01-20,"1,200.6"
2017-01-23,"1,212.9"
2017-01-24,"1,216.8"
2017-01-25,"1,195.0"
2017-01-26,"1,189.7"
2017-01-27,"1,184.9"
2017-01-30,"1,192.8"
2017-01-31,"1,212.8"
2017-02-01,"1,203.7"
2017-02-02,"1,222.0"
2017-02-03,"1,215.2"
2017-02-06,"1,226.8"
2017-02-07,"1,231.0"
2017-02-08,"1,242.1"
2017-02-09,"1,236.8"
2017-02-10,"1,228.3"
2017-02-13,"1,222.3"
2017-02-14,"1,230.8"
2017-02-15,"1,224.4"
2017-02-16,"1,240.6"
2017-02-17,"1,242.0"
2017-02-20,"1,237.3"
2017-02-21,"1,233.2"
2017-02-22,"1,236.7"
2017-02-23,"1,247.9"
2017-02-24,"1,253.7"
2017-02-27,"1,257.2"
2017-02-28,"1,255.6"
2017-03-01,"1,240.4"
2017-03-02,"1,238.1"
2017-03-03,"1,226.5"
2017-03-06,"1,231.0"
2017-03-07,"1,216.7"
2017-03-08,"1,209.2"
2017-03-09,"1,206.6"
2017-03-10,"1,202.7"
2017-03-13,"1,204.2"
2017-03-14,"1,204.6"
2017-03-15,"1,198.8"
2017-03-16,"1,229.4"
2017-03-17,"1,229.6"
2017-03-20,"1,232.4"
2017-03-21,"1,241.6"
2017-03-22,"1,249.1"
2017-03-23,"1,247.5"
2017-03-24,"1,247.5"
2017-03-27,"1,257.6"
2017-03-28,"1,257.3"
2017-03-29,"1,251.1"
2017-03-30,"1,248.8"
2017-03-31,"1,244.9"
2017-04-03,"1,247.3"
2017-04-04,"1,257.7"
2017-04-05,"1,245.8"
2017-04-06,"1,252.5"
2017-04-07,"1,266.5"
2017-04-10,"1,250.1"
2017-04-11,"1,252.9"
2017-04-12,"1,274.3"
2017-04-13,"1,284.2"
2017-04-14,"1,284.2"
2017-04-17,"1,284.2"
2017-04-18,"1,279.0"
2017-04-19,"1,279.1"
2017-04-20,"1,282.1"
2017-04-21,"1,281.9"
2017-04-24,"1,269.4"
2017-04-25,"1,267.8"
2017-04-26,"1,261.9"
2017-04-27,"1,262.8"
2017-04-28,"1,266.5"
2017-05-01,"1,266.5"
2017-05-02,"1,255.5"
2017-05-03,"1,250.3"
2017-05-04,"1,228.5"
2017-05-05,"1,228.1"
2017-05-08,"1,229.8"
2017-05-09,"1,220.4"
2017-05-10,"1,223.0"
2017-05-11,"1,223.2"
2017-05-12,"1,231.3"
2017-05-15,"1,233.3"
2017-05-16,"1,234.2"
2017-05-17,"1,257.4"
2017-05-18,"1,255.9"
2017-05-19,"1,252.0"
2017-05-22,"1,258.9"
2017-05-23,"1,260.2"
2017-05-24,"1,252.6"
2017-05-25,"1,257.0"
2017-05-26,"1,265.1"
2017-05-29,"1,265.1"
2017-05-30,"1,262.7"
2017-05-31,"1,266.2"
2017-06-01,"1,264.9"
2017-06-02,"1,275.0"
2017-06-05,"1,280.0"
2017-06-06,"1,293.5"
2017-06-07,"1,291.0"
2017-06-08,"1,273.1"
2017-06-09,"1,266.6"
2017-06-12,"1,266.4"
2017-06-13,"1,262.0"
2017-06-14,"1,275.5"
2017-06-15,"1,254.6"
2017-06-16,"1,255.4"
2017-06-19,"1,248.2"
2017-06-20,"1,242.2"
2017-06-21,"1,242.5"
2017-06-22,"1,250.8"
2017-06-23,"1,255.7"
2017-06-26,"1,245.3"
2017-06-27,"1,249.6"
2017-06-28,"1,248.0"
2017-06-29,"1,243.5"
2017-06-30,"1,242.3"
2017-07-03,"1,229.3"
2017-07-04,"1,223.8"
2017-07-05,"1,220.3"
2017-07-06,"1,224.9"
2017-07-07,"1,215.7"
2017-07-10,"1,211.9"
2017-07-11,"1,211.1"
2017-07-12,"1,218.8"
2017-07-13,"1,218.9"
2017-07-14,"1,230.3"
2017-07-17,"1,234.1"
2017-07-18,"1,240.8"
2017-07-19,"1,242.2"
2017-07-20,"1,238.7"
2017-07-21,"1,248.6"
2017-07-24,"1,255.6"
2017-07-25,"1,254.4"
2017-07-26,"1,248.1"
2017-07-27,"1,261.1"
2017-07-28,"1,264.9"
2017-07-31,"1,267.6"
2017-08-01,"1,271.0"
2017-08-02,"1,269.6"
2017-08-03,"1,268.1"
2017-08-04,"1,257.7"
2017-08-07,"1,258.0"
2017-08-08,"1,261.8"
2017-08-09,"1,271.1"
2017-08-10,"1,284.4"
2017-08-11,"1,286.1"
2017-08-14,"1,282.3"
2017-08-15,"1,270.3"
2017-08-16,"1,272.8"
2017-08-17,"1,285.2"
2017-08-18,"1,295.8"
2017-08-21,"1,292.9"
2017-08-22,"1,284.2"
2017-08-23,"1,286.7"
2017-08-24,"1,289.0"
2017-08-25,"1,285.3"
2017-08-28,"1,285.3"
2017-08-29,"1,318.7"
2017-08-30,"1,308.5"
2017-08-31,"1,311.8"
2017-09-01,"1,320.4"
2017-09-04,"1,333.1"
2017-09-05,"1,335.6"
2017-09-06,"1,337.9"
2017-09-07,"1,343.5"
2017-09-08,"1,346.3"
2017-09-11,"1,334.2"
2017-09-12,"1,326.5"
2017-09-13,"1,327.6"
2017-09-14,"1,324.6"
2017-09-15,"1,322.9"
2017-09-18,"1,312.1"
2017-09-19,"1,309.6"
2017-09-20,"1,311.3"
2017-09-21,"1,292.1"
2017-09-22,"1,294.8"
2017-09-25,"1,293.3"
2017-09-26,"1,300.1"
2017-09-27,"1,282.6"
2017-09-28,"1,283.4"
2017-09-29,"1,283.1"
2017-10-02,"1,273.7"
2017-10-03,"1,271.3"
2017-10-04,"1,274.3"
2017-10-05,"1,274.5"
2017-10-06,"1,261.8"
2017-10-09,"1,278.8"
2017-10-10,"1,291.4"
2017-10-11,"1,289.3"
2017-10-12,"1,290.3"
2017-10-13,"1,299.6"
2017-10-16,"1,303.3"
2017-10-17,"1,284.8"
2017-10-18,"1,280.2"
2017-10-19,"1,286.4"
2017-10-20,"1,281.2"
2017-10-23,"1,274.9"
2017-10-24,"1,276.5"
2017-10-25,"1,275.0"
2017-10-26,"1,273.8"
2017-10-27,"1,266.5"
2017-10-30,"1,272.0"
2017-10-31,"1,270.2"
2017-11-01,"1,277.1"
2017-11-02,"1,279.2"
2017-11-03,"1,267.2"
2017-11-06,"1,270.9"
2017-11-07,"1,275.6"
2017-11-08,"1,284.0"
2017-11-09,"1,284.8"
2017-11-10,"1,284.3"
2017-11-13,"1,278.0"
2017-11-14,"1,274.6"
2017-11-15,"1,282.2"
2017-11-16,"1,280.0"
2017-11-17,"1,284.4"
2017-11-20,"1,286.2"
2017-11-21,"1,283.3"
2017-11-22,"1,287.0"
2017-11-23,"1,290.4"
2017-11-24,"1,290.5"
2017-11-27,"1,294.9"
2017-11-28,"1,291.9"
2017-11-29,"1,283.9"
2017-11-30,"1,280.2"
2017-12-01,"1,275.5"
2017-12-04,"1,273.5"
2017-12-05,"1,266.3"
2017-12-06,"1,263.7"
2017-12-07,"1,255.0"
2017-12-08,"1,250.7"
2017-12-11,"1,247.2"
2017-12-12,"1,240.9"
2017-12-13,"1,242.7"
2017-12-14,"1,251.0"
2017-12-15,"1,254.6"
2017-12-18,"1,260.6"
2017-12-19,"1,260.4"
2017-12-20,"1,264.6"
2017-12-21,"1,264.6"
2017-12-22,"1,264.6"
2017-12-25,"1,264.6"
2017-12-26,"1,264.6"
2017-12-27,"1,279.4"
2017-12-28,"1,291.0"
2017-12-29,"1,291.0"
2018-01-01,"1,291.0"
2018-01-02,"1,312.1"
2018-01-03,"1,314.9"
2018-01-04,"1,314.5"
2018-01-05,"1,317.2"
2018-01-08,"1,320.0"
2018-01-09,"1,311.0"
2018-01-10,"1,319.8"
2018-01-11,"1,323.1"
2018-01-12,"1,326.8"
2018-01-15,"1,339.3"
2018-01-16,"1,333.9"
2018-01-17,"1,335.7"
2018-01-18,"1,332.2"
2018-01-19,"1,335.0"
2018-01-22,"1,332.6"
2018-01-23,"1,333.4"
2018-01-24,"1,353.7"
2018-01-25,"1,355.0"
2018-01-26,"1,353.2"
2018-01-29,"1,343.9"
2018-01-30,"1,344.9"
2018-01-31,"1,345.1"
2018-02-01,"1,341.4"
2018-02-02,"1,331.2"
2018-02-05,"1,333.6"
2018-02-06,"1,331.4"
2018-02-07,"1,324.7"
2018-02-08,"1,315.5"
2018-02-09,"1,314.1"
2018-02-12,"1,322.3"
2018-02-13,"1,325.4"
2018-02-14,"1,336.3"
2018-02-15,"1,352.5"
2018-02-16,"1,352.1"
2018-02-19,"1,346.6"
2018-02-20,"1,339.9"
2018-02-21,"1,330.5"
2018-02-22,"1,328.4"
2018-02-23,"1,328.0"
2018-02-26,"1,333.5"
2018-02-27,"1,325.8"
2018-02-28,"1,317.9"
2018-03-01,"1,307.8"
2018-03-02,"1,322.3"
2018-03-05,"1,320.4"
2018-03-06,"1,331.4"
2018-03-07,"1,329.4"
2018-03-08,"1,321.0"
2018-03-09,"1,320.6"
2018-03-12,"1,319.2"
2018-03-13,"1,322.8"
2018-03-14,"1,323.6"
2018-03-15,"1,318.8"
2018-03-16,"1,310.1"
2018-03-19,"1,312.4"
2018-03-20,"1,311.0"
2018-03-21,"1,321.4"
2018-03-22,"1,329.2"
2018-03-23,"1,346.6"
2018-03-26,"1,352.4"
2018-03-27,"1,341.5"
2018-03-28,"1,332.5"
2018-03-29,"1,323.9"
2018-03-30,"1,323.9"
2018-04-02,"1,323.9"
2018-04-03,"1,333.5"
2018-04-04,"1,337.3"
2018-04-05,"1,327.7"
2018-04-06,"1,331.2"
2018-04-09,"1,332.0"
2018-04-10,"1,339.0"
2018-04-11,"1,350.8"
2018-04-12,"1,341.4"
2018-04-13,"1,343.7"
2018-04-16,"1,349.4"
2018-04-17,"1,342.1"
2018-04-18,"1,351.5"
2018-04-19,"1,348.6"
2018-04-20,"1,336.8"
2018-04-23,"1,324.3"
2018-04-24,"1,328.9"
2018-04-25,"1,321.7"
2018-04-26,"1,320.7"
2018-04-27,"1,321.5"
2018-04-30,"1,313.2"
2018-05-01,"1,307.1"
2018-05-02,"1,304.2"
2018-05-03,"1,315.1"
2018-05-04,"1,309.4"
2018-05-07,"1,309.4"
2018-05-08,"1,306.6"
2018-05-09,"1,313.9"
2018-05-10,"1,318.8"
2018-05-11,"1,324.4"
2018-05-14,"1,319.9"
2018-05-15,"1,295.0"
2018-05-16,"1,291.3"
2018-05-17,"1,289.5"
2018-05-18,"1,288.3"
2018-05-21,"1,288.4"
2018-05-22,"1,293.1"
2018-05-23,"1,289.0"
2018-05-24,"1,304.9"
2018-05-25,"1,303.5"
2018-05-28,"1,303.5"
2018-05-29,"1,295.5"
2018-05-30,"1,300.7"
2018-05-31,"1,305.4"
2018-06-01,"1,294.6"
2018-06-04,"1,295.5"
2018-06-05,"1,292.1"
2018-06-06,"1,300.1"
2018-06-07,"1,297.3"
2018-06-08,"1,298.3"
2018-06-11,"1,299.6"
2018-06-12,"1,298.7"
2018-06-13,"1,296.2"
2018-06-14,"1,302.8"
2018-06-15,"1,285.3"
2018-06-18,"1,281.6"
2018-06-19,"1,276.2"
2018-06-20,"1,274.2"
2018-06-21,"1,266.2"
2018-06-22,"1,269.2"
2018-06-25,"1,268.7"
2018-06-26,"1,260.3"
2018-06-27,"1,254.6"
2018-06-28,"1,251.6"
2018-06-29,"1,250.5"
2018-07-02,"1,247.8"
2018-07-03,"1,251.8"
2018-07-04,"1,255.7"
2018-07-05,"1,255.5"
2018-07-06,"1,255.4"
2018-07-09,"1,262.1"
2018-07-10,"1,254.0"
2018-07-11,"1,251.4"
2018-07-12,"1,245.9"
2018-07-13,"1,241.7"
2018-07-16,"1,241.1"
2018-07-17,"1,232.8"
2018-07-18,"1,224.5"
2018-07-19,"1,217.6"
2018-07-20,"1,228.8"
2018-07-23,"1,225.0"
2018-07-24,"1,228.4"
2018-07-25,"1,231.5"
2018-07-26,"1,228.3"
2018-07-27,"1,224.0"
2018-07-30,"1,223.8"
2018-07-31,"1,221.0"
2018-08-01,"1,219.0"
2018-08-02,"1,215.5"
2018-08-03,"1,216.3"
2018-08-06,"1,209.7"
2018-08-07,"1,212.4"
2018-08-08,"1,209.6"
2018-08-09,"1,214.4"
2018-08-10,"1,214.4"
2018-08-13,"1,200.4"
2018-08-14,"1,197.0"
2018-08-15,"1,182.0"
2018-08-16,"1,180.4"
2018-08-17,"1,178.4"
2018-08-20,"1,184.4"
2018-08-21,"1,191.0"
2018-08-22,"1,196.7"
2018-08-23,"1,192.4"
2018-08-24,"1,197.7"
2018-08-27,"1,197.7"
2018-08-28,"1,212.3"
2018-08-29,"1,204.2"
2018-08-30,"1,197.3"
2018-08-31,"1,202.5"
2018-09-03,"1,200.1"
2018-09-04,"1,190.9"
2018-09-05,"1,196.7"
2018-09-06,"1,205.2"
2018-09-07,"1,198.9"
2018-09-10,"1,196.6"
2018-09-11,"1,189.9"
2018-09-12,"1,195.6"
2018-09-13,"1,209.8"
2018-09-14,"1,202.0"
2018-09-17,"1,201.9"
2018-09-18,"1,200.2"
2018-09-19,"1,203.3"
2018-09-20,"1,208.4"
2018-09-21,"1,198.7"
2018-09-24,"1,202.8"
2018-09-25,"1,201.9"
2018-09-26,"1,194.3"
2018-09-27,"1,185.4"
2018-09-28,"1,187.3"
2018-10-01,"1,189.4"
2018-10-02,"1,204.7"
2018-10-03,"1,201.2"
2018-10-04,"1,203.5"
2018-10-05,"1,203.8"
2018-10-08,"1,187.0"
2018-10-09,"1,185.6"
2018-10-10,"1,188.6"
2018-10-11,"1,205.6"
2018-10-12,"1,219.8"
2018-10-15,"1,230.0"
2018-10-16,"1,230.7"
2018-10-17,"1,229.1"
2018-10-18,"1,223.0"
2018-10-19,"1,227.9"
2018-10-22,"1,222.3"
2018-10-23,"1,236.0"
2018-10-24,"1,230.6"
2018-10-25,"1,230.8"
2018-10-26,"1,233.9"
2018-10-29,"1,230.8"
2018-10-30,"1,225.4"
2018-10-31,"1,215.0"
2018-11-01,"1,231.2"
2018-11-02,"1,232.1"
2018-11-05,"1,232.3"
2018-11-06,"1,231.6"
2018-11-07,"1,230.0"
2018-11-08,"1,224.2"
2018-11-09,"1,211.4"
2018-11-12,"1,205.6"
2018-11-13,"1,202.1"
2018-11-14,"1,203.3"
2018-11-15,"1,211.9"
2018-11-16,"1,222.4"
2018-11-19,"1,221.6"
2018-11-20,"1,223.0"
2018-11-21,"1,226.1"
2018-11-22,"1,227.1"
2018-11-23,"1,223.7"
2018-11-26,"1,223.4"
2018-11-27,"1,221.2"
2018-11-28,"1,213.3"
2018-11-29,"1,226.3"
2018-11-30,"1,217.6"
2018-12-03,"1,230.3"
2018-12-04,"1,240.3"
2018-12-05,"1,235.9"
2018-12-06,"1,242.6"
2018-12-07,"1,243.3"
2018-12-10,"1,245.4"
2018-12-11,"1,245.3"
2018-12-12,"1,245.8"
2018-12-13,"1,242.8"
2018-12-14,"1,235.4"
2018-12-17,"1,241.7"
2018-12-18,"1,246.3"
2018-12-19,"1,255.0"
2018-12-20,"1,259.8"
2018-12-21,"1,258.2"
2018-12-24,"1,258.2"
2018-12-25,"1,258.2"
2018-12-26,"1,258.2"
2018-12-27,"1,268.0"
2018-12-28,"1,279.0"
2018-12-31,"1,279.0"
2019-01-01,"1,279.0"
2019-01-02,"1,282.9"
2019-01-03,"1,290.5"
2019-01-04,"1,279.9"
2019-01-07,"1,292.2"
2019-01-08,"1,286.5"
2019-01-09,"1,288.6"
2019-01-10,"1,291.9"
2019-01-11,"1,289.0"
2019-01-14,"1,292.8"
2019-01-15,"1,294.4"
2019-01-16,"1,292.3"
2019-01-17,"1,290.7"
2019-01-18,"1,284.2"
2019-01-21,"1,279.6"
2019-01-22,"1,282.1"
2019-01-23,"1,279.8"
2019-01-24,"1,283.7"
2019-01-25,"1,293.9"
2019-01-28,"1,302.2"
2019-01-29,"1,307.6"
2019-01-30,"1,310.7"
2019-01-31,"1,323.3"
2019-02-01,"1,318.7"
2019-02-04,"1,312.2"
2019-02-05,"1,314.2"
2019-02-06,"1,312.4"
2019-02-07,"1,310.0"
2019-02-08,"1,314.9"
2019-02-11,"1,306.4"
2019-02-12,"1,310.0"
2019-02-13,"1,312.8"
2019-02-14,"1,311.5"
2019-02-15,"1,316.6"
2019-02-18,"1,325.5"
2019-02-19,"1,334.2"
2019-02-20,"1,343.8"
2019-02-21,"1,331.3"
2019-02-22,"1,329.1"
2019-02-25,"1,331.1"
2019-02-26,"1,325.1"
2019-02-27,"1,322.9"
2019-02-28,"1,319.2"
2019-03-01,"1,312.0"
2019-03-04,"1,285.4"
2019-03-05,"1,283.8"
2019-03-06,"1,285.9"
2019-03-07,"1,285.3"
2019-03-08,"1,296.8"
2019-03-11,"1,292.8"
2019-03-12,"1,297.1"
2019-03-13,"1,307.0"
2019-03-14,"1,295.6"
2019-03-15,"1,303.5"
2019-03-18,"1,305.6"
2019-03-19,"1,307.7"
2019-03-20,"1,303.7"
2019-03-21,"1,309.6"
2019-03-22,"1,311.3"
2019-03-25,"1,319.6"
2019-03-26,"1,316.3"
2019-03-27,"1,309.7"
2019-03-28,"1,295.2"
2019-03-29,"1,295.4"
2019-04-01,"1,293.5"
2019-04-02,"1,290.3"
2019-04-03,"1,290.5"
2019-04-04,"1,283.2"
2019-04-05,"1,288.5"
2019-04-08,"1,300.0"
2019-04-09,"1,303.0"
2019-04-10,"1,305.5"
2019-04-11,"1,298.8"
2019-04-12,"1,294.3"
2019-04-15,"1,285.7"
2019-04-16,"1,276.4"
2019-04-17,"1,275.9"
2019-04-18,"1,275.7"
2019-04-19,"1,275.7"
2019-04-22,"1,275.7"
2019-04-23,"1,269.5"
2019-04-24,"1,271.7"
2019-04-25,"1,280.8"
2019-04-26,"1,284.2"
2019-04-29,"1,279.5"
2019-04-30,"1,282.3"
2019-05-01,"1,283.8"
2019-05-02,"1,271.0"
2019-05-03,"1,278.6"
2019-05-06,"1,278.6"
2019-05-07,"1,281.2"
2019-05-08,"1,285.2"
2019-05-09,"1,286.1"
2019-05-10,"1,287.1"
2019-05-13,"1,295.6"
2019-05-14,"1,298.4"
2019-05-15,"1,299.1"
2019-05-16,"1,291.7"
2019-05-17,"1,280.8"
2019-05-20,"1,276.9"
2019-05-21,"1,271.2"
2019-05-22,"1,273.8"
2019-05-23,"1,283.7"
2019-05-24,"1,282.5"
2019-05-27,"1,282.5"
2019-05-28,"1,278.3"
2019-05-29,"1,281.7"
2019-05-30,"1,281.0"
2019-05-31,"1,295.6"
2019-06-03,"1,317.1"
2019-06-04,"1,324.3"
2019-06-05,"1,335.1"
2019-06-06,"1,335.5"
2019-06-07,"1,340.7"
2019-06-10,"1,328.6"
2019-06-11,"1,324.3"
2019-06-12,"1,332.4"
2019-06-13,"1,335.9"
2019-06-14,"1,351.3"
2019-06-17,"1,341.3"
2019-06-18,"1,341.4"
2019-06-19,"1,344.1"
2019-06-20,"1,379.5"
2019-06-21,"1,397.2"
2019-06-24,"1,405.7"
2019-06-25,"1,431.4"
2019-06-26,"1,404.0"
2019-06-27,"1,402.5"
2019-06-28,"1,409.0"
2019-07-01,"1,390.1"
2019-07-02,"1,391.1"
2019-07-03,"1,413.5"
2019-07-04,"1,414.9"
2019-07-05,"1,388.7"
2019-07-08,"1,400.1"
2019-07-09,"1,391.6"
2019-07-10,"1,408.3"
2019-07-11,"1,413.8"
2019-07-12,"1,407.6"
2019-07-15,"1,412.4"
2019-07-16,"1,409.9"
2019-07-17,"1,410.4"
2019-07-18,"1,417.5"
2019-07-19,"1,439.7"
2019-07-22,"1,427.8"
2019-07-23,"1,425.6"
2019-07-24,"1,427.0"
2019-07-25,"1,416.1"
2019-07-26,"1,420.4"
2019-07-29,"1,419.1"
2019-07-30,"1,425.9"
2019-07-31,"1,427.6"
2019-08-01,"1,406.8"
2019-08-02,"1,441.8"
2019-08-05,"1,465.3"
2019-08-06,"1,465.3"
2019-08-07,"1,506.1"
2019-08-08,"1,495.8"
2019-08-09,"1,497.7"
2019-08-12,"1,504.7"
2019-08-13,"1,498.4"
2019-08-14,"1,513.3"
2019-08-15,"1,515.7"
2019-08-16,"1,515.3"
2019-08-19,"1,496.6"
2019-08-20,"1,504.6"
2019-08-21,"1,503.3"
2019-08-22,"1,502.1"
2019-08-23,"1,503.8"
2019-08-26,"1,503.8"
2019-08-27,"1,533.0"
2019-08-28,"1,537.2"
2019-08-29,"1,540.2"
2019-08-30,"1,528.4"
2019-09-02,"1,526.0"
2019-09-03,"1,537.9"
2019-09-04,"1,546.1"
2019-09-05,"1,529.1"
2019-09-06,"1,523.7"
2019-09-09,"1,509.2"
2019-09-10,"1,498.3"
2019-09-11,"1,490.7"
2019-09-12,"1,515.2"
2019-09-13,"1,503.1"
2019-09-16,"1,497.2"
2019-09-17,"1,502.1"
2019-09-18,"1,503.5"
2019-09-19,"1,500.7"
2019-09-20,"1,501.9"
2019-09-23,"1,522.1"
2019-09-24,"1,520.7"
2019-09-25,"1,528.8"
2019-09-26,"1,506.4"
2019-09-27,"1,489.9"
2019-09-30,"1,485.3"
2019-10-01,"1,473.5"
2019-10-02,"1,492.6"
2019-10-03,"1,517.1"
2019-10-04,"1,499.2"
2019-10-07,"1,501.3"
2019-10-08,"1,505.9"
2019-10-09,"1,507.3"
2019-10-10,"1,494.8"
2019-10-11,"1,479.2"
2019-10-14,"1,490.6"
2019-10-15,"1,487.8"
2019-10-16,"1,485.1"
2019-10-17,"1,492.7"
2019-10-18,"1,490.0"
2019-10-21,"1,491.7"
2019-10-22,"1,485.4"
2019-10-23,"1,494.5"
2019-10-24,"1,496.6"
2019-10-25,"1,513.5"
2019-10-28,"1,492.4"
2019-10-29,"1,486.8"
2019-10-30,"1,492.1"
2019-10-31,"1,511.0"
2019-11-01,"1,508.8"
2019-11-04,"1,509.5"
2019-11-05,"1,489.0"
2019-11-06,"1,486.1"
2019-11-07,"1,484.3"
2019-11-08,"1,464.2"
2019-11-11,"1,458.7"
2019-11-12,"1,452.1"
2019-11-13,"1,462.9"
2019-11-14,"1,466.7"
2019-11-15,"1,466.9"
2019-11-18,"1,467.7"
2019-11-19,"1,468.5"
2019-11-20,"1,471.7"
2019-11-21,"1,467.1"
2019-11-22,"1,464.5"
2019-11-25,"1,458.4"
2019-11-26,"1,454.7"
2019-11-27,"1,454.4"
2019-11-28,"1,454.7"
2019-11-29,"1,460.2"
2019-12-02,"1,461.2"
2019-12-03,"1,477.3"
2019-12-04,"1,475.1"
2019-12-05,"1,476.0"
2019-12-06,"1,459.7"
2019-12-09,"1,461.7"
2019-12-10,"1,465.0"
2019-12-11,"1,466.8"
2019-12-12,"1,467.8"
2019-12-13,"1,466.6"
2019-12-16,"1,477.9"
2019-12-17,"1,475.8"
2019-12-18,"1,474.1"
2019-12-19,"1,476.7"
2019-12-20,"1,479.0"
2019-12-23,"1,482.1"
2019-12-24,"1,482.1"
2019-12-25,"1,482.1"
2019-12-26,"1,482.1"
2019-12-27,"1,511.5"
2019-12-30,"1,514.8"
2019-12-31,"1,514.8"
2020-01-01,"1,514.8"
2020-01-02,"1,527.1"
2020-01-03,"1,548.8"
2020-01-06,"1,573.1"
2020-01-07,"1,567.9"
2020-01-08,"1,572.0"
2020-01-09,"1,550.8"
2020-01-10,"1,553.6"
2020-01-13,"1,549.9"
2020-01-14,"1,545.1"
2020-01-15,"1,549.0"
2020-01-16,"1,554.6"
2020-01-17,"1,557.6"
2020-01-20,"1,560.2"
2020-01-21,"1,551.3"
2020-01-22,"1,556.9"
2020-01-23,"1,562.9"
2020-01-24,"1,564.3"
2020-01-27,"1,580.1"
2020-01-28,"1,574.0"
2020-01-29,"1,573.5"
2020-01-30,"1,578.3"
2020-01-31,"1,584.2"
2020-02-03,"1,574.8"
2020-02-04,"1,558.4"
2020-02-05,"1,553.3"
2020-02-06,"1,563.3"
2020-02-07,"1,572.7"
2020-02-10,"1,573.2"
2020-02-11,"1,570.5"
2020-02-12,"1,563.7"
2020-02-13,"1,575.1"
2020-02-14,"1,581.4"
2020-02-17,"1,580.8"
2020-02-18,"1,589.9"
2020-02-19,"1,604.2"
2020-02-20,"1,619.0"
2020-02-21,"1,643.3"
2020-02-24,"1,671.7"
2020-02-25,"1,650.3"
2020-02-26,"1,634.9"
2020-02-27,"1,652.0"
2020-02-28,"1,609.9"
2020-03-02,"1,599.7"
2020-03-03,"1,615.5"
2020-03-04,"1,641.9"
2020-03-05,"1,659.6"
2020-03-06,"1,683.7"
2020-03-09,"1,672.5"
2020-03-10,"1,655.7"
2020-03-11,"1,653.8"
2020-03-12,"1,570.7"
2020-03-13,"1,562.8"
2020-03-16,"1,487.7"
2020-03-17,"1,536.2"
2020-03-18,"1,498.2"
2020-03-19,"1,474.3"
2020-03-20,"1,494.4"
2020-03-23,"1,525.4"
2020-03-24,"1,605.8"
2020-03-25,"1,605.5"
2020-03-26,"1,634.8"
2020-03-27,"1,617.3"
2020-03-30,"1,618.3"
2020-03-31,"1,609.0"
2020-04-01,"1,576.6"
2020-04-02,"1,616.8"
2020-04-03,"1,613.1"
2020-04-06,"1,648.3"
2020-04-07,"1,649.3"
2020-04-08,"1,647.8"
2020-04-09,"1,680.7"
2020-04-10,"1,680.7"
2020-04-13,"1,680.7"
2020-04-14,"1,741.9"
2020-04-15,"1,718.7"
2020-04-16,"1,729.5"
2020-04-17,"1,692.6"
2020-04-20,"1,686.2"
2020-04-21,"1,682.1"
2020-04-22,"1,710.6"
2020-04-23,"1,736.3"
2020-04-24,"1,715.9"
2020-04-27,"1,715.0"
2020-04-28,"1,691.6"
2020-04-29,"1,703.4"
2020-04-30,"1,702.8"
2020-05-01,"1,686.3"
2020-05-04,"1,709.1"
2020-05-05,"1,699.6"
2020-05-06,"1,691.5"
2020-05-07,"1,704.1"
2020-05-08,"1,704.1"
2020-05-11,"1,702.8"
2020-05-12,"1,702.4"
2020-05-13,"1,708.4"
2020-05-14,"1,731.6"
2020-05-15,"1,735.4"
2020-05-18,"1,734.7"
2020-05-19,"1,738.0"
2020-05-20,"1,748.3"
2020-05-21,"1,724.9"
2020-05-22,"1,733.6"
2020-05-25,"1,733.6"
2020-05-26,"1,720.3"
2020-05-27,"1,694.6"
2020-05-28,"1,717.4"
2020-05-29,"1,728.7"
2020-06-01,"1,730.6"
2020-06-02,"1,742.2"
2020-06-03,"1,705.4"
2020-06-04,"1,700.1"
2020-06-05,"1,683.5"
2020-06-08,"1,690.4"
2020-06-09,"1,713.5"
2020-06-10,"1,722.1"
2020-06-11,"1,738.3"
2020-06-12,"1,733.5"
2020-06-15,"1,710.5"
2020-06-16,"1,719.9"
2020-06-17,"1,724.4"
2020-06-18,"1,719.5"
2020-06-19,"1,734.8"
2020-06-22,"1,761.9"
2020-06-23,"1,768.9"
2020-06-24,"1,766.1"
2020-06-25,"1,756.6"
2020-06-26,"1,747.6"
2020-06-29,"1,771.6"
2020-06-30,"1,768.1"
2020-07-01,"1,771.1"
2020-07-02,"1,777.5"
2020-07-03,"1,772.9"
2020-07-06,"1,787.9"
2020-07-07,"1,789.6"
2020-07-08,"1,811.1"
2020-07-09,"1,812.1"
2020-07-10,"1,803.1"
